Symbol,Name,LastSale,MarketCap,IPOyear,Sector,industry,Summary Quote
YI,"111, Inc.",8.15,$664.58M,2018,Health Care,Medical/Nursing Services,https://www.nasdaq.com/symbol/yi
PIH,"1347 Property Insurance Holdings, Inc.",5.8,$34.76M,2014,Finance,Property-Casualty Insurers,https://www.nasdaq.com/symbol/pih
PIHPP,"1347 Property Insurance Holdings, Inc.",22.9,n/a,n/a,Finance,Property-Casualty Insurers,https://www.nasdaq.com/symbol/pihpp
TURN,180 Degree Capital Corp.,1.8969,$59.03M,n/a,Finance,Finance/Investors Services,https://www.nasdaq.com/symbol/turn
FLWS,"1-800 FLOWERS.COM, Inc.",18.14,$1.16B,1999,Consumer Services,Other Specialty Stores,https://www.nasdaq.com/symbol/flws
BCOW,"1895 Bancorp of Wisconsin, Inc.",9.9,$31.68M,2019,Finance,Banks,https://www.nasdaq.com/symbol/bcow
FCCY,1st Constitution Bancorp (NJ),18.75,$161.36M,n/a,Finance,Savings Institutions,https://www.nasdaq.com/symbol/fccy
SRCE,1st Source Corporation,46.63,$1.2B,n/a,Finance,Major Banks,https://www.nasdaq.com/symbol/srce
VNET,"21Vianet Group, Inc.",8.76,$980.08M,2011,Technology,"Computer Software: Programming, Data Processing",https://www.nasdaq.com/symbol/vnet
XXII,"22nd Century Group, Inc",1.92,$239.31M,n/a,Consumer Non-Durables,Farming/Seeds/Milling,https://www.nasdaq.com/symbol/xxii
TWOU,"2U, Inc.",69.59,$4.05B,2014,Technology,Computer Software: Prepackaged Software,https://www.nasdaq.com/symbol/twou
QFIN,"360 Finance, Inc.",15.09,$2.17B,2018,Finance,Finance: Consumer Services,https://www.nasdaq.com/symbol/qfin
DDD,3D Systems Corporation,11.16,$1.28B,n/a,Technology,Computer Software: Prepackaged Software,https://www.nasdaq.com/symbol/ddd
MMM,3M Company,207.1,$119.25B,n/a,Health Care,Medical/Dental Instruments,https://www.nasdaq.com/symbol/mmm
TPNL,"3PEA International, Inc.",7.83,$363.31M,n/a,Miscellaneous,Business Services,https://www.nasdaq.com/symbol/tpnl
WBAI,500.com Limited,14.12,$599.9M,2013,Consumer Services,Services-Misc. Amusement & Recreation,https://www.nasdaq.com/symbol/wbai
JOBS,"51job, Inc.",69.34,$4.28B,2004,Technology,Diversified Commercial Services,https://www.nasdaq.com/symbol/jobs
WUBA,58.com Inc.,62.23,$9.22B,2013,Technology,"Computer Software: Programming, Data Processing",https://www.nasdaq.com/symbol/wuba
EGHT,8x8 Inc,19.8,$1.89B,n/a,Technology,EDP Services,https://www.nasdaq.com/symbol/eght
AHC,A.H. Belo Corporation,3.63,$78.56M,n/a,Consumer Services,Newspapers/Magazines,https://www.nasdaq.com/symbol/ahc
AOS,A.O Smith Corporation,51.15,$8.59B,n/a,Consumer Durables,Consumer Electronics/Appliances,https://www.nasdaq.com/symbol/aos
ATEN,"A10 Networks, Inc.",7.17,$529.13M,2014,Technology,Computer Communications Equipment,https://www.nasdaq.com/symbol/aten
AAC,"AAC Holdings, Inc.",2.56,$62.98M,2014,Health Care,Medical Specialities,https://www.nasdaq.com/symbol/aac
AAON,"AAON, Inc.",41.37,$2.15B,n/a,Capital Goods,Industrial Machinery/Components,https://www.nasdaq.com/symbol/aaon
AIR,AAR Corp.,33.74,$1.18B,n/a,Capital Goods,Aerospace,https://www.nasdaq.com/symbol/air
AAN,"Aaron&#39;s,  Inc.",53.21,$3.86B,n/a,Technology,Diversified Commercial Services,https://www.nasdaq.com/symbol/aan
ABB,ABB Ltd,19.04,$40.59B,n/a,Consumer Durables,Electrical Products,https://www.nasdaq.com/symbol/abb
ABT,Abbott Laboratories,77.81,$136.67B,n/a,Health Care,Major Pharmaceuticals,https://www.nasdaq.com/symbol/abt
ABBV,AbbVie Inc.,78.08,$115.17B,2012,Health Care,Major Pharmaceuticals,https://www.nasdaq.com/symbol/abbv
ABEO,Abeona Therapeutics Inc.,7.52,$360.54M,n/a,Health Care,Major Pharmaceuticals,https://www.nasdaq.com/symbol/abeo
ABEOW,Abeona Therapeutics Inc.,4,n/a,n/a,Health Care,Major Pharmaceuticals,https://www.nasdaq.com/symbol/abeow
ANF,Abercrombie & Fitch Company,26.64,$1.76B,n/a,Consumer Services,Clothing/Shoe/Accessory Stores,https://www.nasdaq.com/symbol/anf
FAX,Aberdeen Asia-Pacific Income Fund Inc,4.19,$1.06B,1986,n/a,n/a,https://www.nasdaq.com/symbol/fax
IAF,Aberdeen Australia Equity Fund Inc,5.43,$123.49M,n/a,n/a,n/a,https://www.nasdaq.com/symbol/iaf
AEF,"Aberdeen Emerging Markets Equity Income Fund, Inc.",7.16,$428.04M,n/a,n/a,n/a,https://www.nasdaq.com/symbol/aef
AGD,Aberdeen Global Dynamic Dividend Fund,9.44,$118.47M,2006,n/a,n/a,https://www.nasdaq.com/symbol/agd
FCO,"Aberdeen Global Income Fund, Inc.",8.08,$70.5M,1992,n/a,n/a,https://www.nasdaq.com/symbol/fco
AWP,Aberdeen Global Premier Properties Fund,5.8,$495.37M,2007,n/a,n/a,https://www.nasdaq.com/symbol/awp
ACP,Aberdeen Income Credit Strategies Fund,11.8799,$155.32M,2011,n/a,n/a,https://www.nasdaq.com/symbol/acp
JEQ,"Aberdeen Japan Equity Fund, Inc. ",6.83,$91.45M,1992,n/a,n/a,https://www.nasdaq.com/symbol/jeq
AOD,Aberdeen Total Dynamic Dividend Fund,8.23,$885.49M,2007,n/a,n/a,https://www.nasdaq.com/symbol/aod
ABIL,Ability Inc.,1.85,$6.78M,2014,Consumer Durables,Telecommunications Equipment,https://www.nasdaq.com/symbol/abil
ABMD,"ABIOMED, Inc.",319.2,$14.39B,n/a,Health Care,Medical/Dental Instruments,https://www.nasdaq.com/symbol/abmd
ABM,ABM Industries Incorporated,33.5,$2.22B,n/a,Finance,Diversified Commercial Services,https://www.nasdaq.com/symbol/abm
AXAS,Abraxas Petroleum Corporation,1.24,$206.59M,n/a,Energy,Oil & Gas Production,https://www.nasdaq.com/symbol/axas
ACIU,AC Immune SA,4.62,$311.22M,2016,Health Care,Major Pharmaceuticals,https://www.nasdaq.com/symbol/aciu
ACIA,"Acacia Communications, Inc.",53.59,$2.16B,2016,Technology,Semiconductors,https://www.nasdaq.com/symbol/acia
ACTG,Acacia Research Corporation,3.13,$155.37M,n/a,Miscellaneous,Multi-Sector Companies,https://www.nasdaq.com/symbol/actg
ACHC,"Acadia Healthcare Company, Inc.",29.68,$2.63B,n/a,Health Care,Medical Specialities,https://www.nasdaq.com/symbol/achc
ACAD,ACADIA Pharmaceuticals Inc.,26.07,$3.75B,1985,Health Care,Major Pharmaceuticals,https://www.nasdaq.com/symbol/acad
AKR,Acadia Realty Trust,27.76,$2.27B,n/a,Consumer Services,Real Estate Investment Trusts,https://www.nasdaq.com/symbol/akr
ACAMU,Acamar Partners Acquisition Corp.,9.98,n/a,2019,Finance,Business Services,https://www.nasdaq.com/symbol/acamu
ACST,"Acasti Pharma, Inc.",1.03,$80.47M,n/a,Health Care,Major Pharmaceuticals,https://www.nasdaq.com/symbol/acst
AXDX,"Accelerate Diagnostics, Inc.",20.31,$1.11B,n/a,Capital Goods,Biotechnology: Laboratory Analytical Instruments,https://www.nasdaq.com/symbol/axdx
ACCP,"Accelerated Pharma, Inc.",n/a,n/a,n/a,n/a,n/a,https://www.nasdaq.com/symbol/accp
XLRN,Acceleron Pharma Inc.,46.38,$2.43B,2013,Health Care,Biotechnology: Biological Products (No Diagnostic Substances),https://www.nasdaq.com/symbol/xlrn
ACN,Accenture plc,163.94,$104.72B,2001,Miscellaneous,Business Services,https://www.nasdaq.com/symbol/acn
ACCO,Acco Brands Corporation,8.93,$912.71M,n/a,Consumer Durables,Publishing,https://www.nasdaq.com/symbol/acco
ARAY,Accuray Incorporated,4.72,$414.79M,2007,Health Care,Medical/Dental Instruments,https://www.nasdaq.com/symbol/aray
ACRX,"AcelRx Pharmaceuticals, Inc.",3.07,$190.06M,2011,Health Care,Major Pharmaceuticals,https://www.nasdaq.com/symbol/acrx
ACER,Acer Therapeutics Inc.,21.9,$220.16M,n/a,Health Care,Major Pharmaceuticals,https://www.nasdaq.com/symbol/acer
ACET,Aceto Corporation,0.2512,$7.75M,n/a,Health Care,Other Pharmaceuticals,https://www.nasdaq.com/symbol/acet
AKAO,"Achaogen, Inc.",0.6279,$30.27M,2014,Health Care,Major Pharmaceuticals,https://www.nasdaq.com/symbol/akao
ACHV,"Achieve Life Sciences, Inc. ",2.4,$16.13M,n/a,Health Care,Biotechnology: In Vitro & In Vivo Diagnostic Substances,https://www.nasdaq.com/symbol/achv
ACHN,"Achillion Pharmaceuticals, Inc.",2.83,$392.28M,2006,Health Care,Major Pharmaceuticals,https://www.nasdaq.com/symbol/achn
ACIW,"ACI Worldwide, Inc.",32.61,$3.79B,n/a,Technology,Computer Software: Prepackaged Software,https://www.nasdaq.com/symbol/aciw
ACRS,"Aclaris Therapeutics, Inc.",5.63,$230.47M,2015,Health Care,Major Pharmaceuticals,https://www.nasdaq.com/symbol/acrs
ACMR,"ACM Research, Inc.",11.86,$189.8M,2017,Technology,Industrial Machinery/Components,https://www.nasdaq.com/symbol/acmr
ACU,Acme United Corporation.,16.884,$56.88M,1988,Capital Goods,Industrial Machinery/Components,https://www.nasdaq.com/symbol/acu
ACNB,ACNB Corporation,36.39,$256.4M,n/a,Finance,Major Banks,https://www.nasdaq.com/symbol/acnb
ACOR,"Acorda Therapeutics, Inc.",13.58,$646.86M,2006,Health Care,Biotechnology: Biological Products (No Diagnostic Substances),https://www.nasdaq.com/symbol/acor
ATV,"Acorn International, Inc.",28.29,$75.82M,2007,Consumer Services,Other Specialty Stores,https://www.nasdaq.com/symbol/atv
ATNM,"Actinium Pharmaceuticals, Inc.",0.5571,$64.46M,n/a,Health Care,Major Pharmaceuticals,https://www.nasdaq.com/symbol/atnm
ATVI,"Activision Blizzard, Inc",42.92,$32.78B,n/a,Technology,Computer Software: Prepackaged Software,https://www.nasdaq.com/symbol/atvi
ATU,Actuant Corporation,24.49,$1.5B,n/a,Technology,Industrial Machinery/Components,https://www.nasdaq.com/symbol/atu
AYI,"Acuity Brands, Inc. ",130.45,$5.2B,n/a,Consumer Durables,Building Products,https://www.nasdaq.com/symbol/ayi
GOLF,Acushnet Holdings Corp.,24.21,$1.82B,2016,Consumer Non-Durables,Recreational Products/Toys,https://www.nasdaq.com/symbol/golf
ADMS,"Adamas Pharmaceuticals, Inc.",7.55,$207.24M,2014,Health Care,Major Pharmaceuticals,https://www.nasdaq.com/symbol/adms
ADMP,Adamis Pharmaceuticals Corporation,2.88,$136.2M,n/a,Health Care,Major Pharmaceuticals,https://www.nasdaq.com/symbol/admp
ADX,"Adams Diversified Equity Fund, Inc.",14.07,$1.42B,n/a,n/a,n/a,https://www.nasdaq.com/symbol/adx
PEO,"Adams Natural Resources Fund, Inc.",16.35,$474.08M,n/a,n/a,n/a,https://www.nasdaq.com/symbol/peo
AE,"Adams Resources & Energy, Inc.",38.89,$164.02M,n/a,Energy,Oil Refining/Marketing,https://www.nasdaq.com/symbol/ae
ADAP,Adaptimmune Therapeutics plc,3.9,$408.3M,2015,Health Care,Biotechnology: Biological Products (No Diagnostic Substances),https://www.nasdaq.com/symbol/adap
ADUS,Addus HomeCare Corporation,61.28,$802.67M,2009,Health Care,Medical/Nursing Services,https://www.nasdaq.com/symbol/adus
AEY,"ADDvantage Technologies Group, Inc.",1.37,$14.19M,n/a,Consumer Services,Office Equipment/Supplies/Services,https://www.nasdaq.com/symbol/aey
AGRO,Adecoagro S.A.,6.57,$765.77M,2011,Consumer Non-Durables,Farming/Seeds/Milling,https://www.nasdaq.com/symbol/agro
IOTS,Adesto Technologies Corporation,6.3,$185.44M,2015,Technology,Semiconductors,https://www.nasdaq.com/symbol/iots
ADIL,"Adial Pharmaceuticals, Inc",3.61,$36.37M,2018,Health Care,Major Pharmaceuticals,https://www.nasdaq.com/symbol/adil
ADILW,"Adial Pharmaceuticals, Inc",0.45,n/a,2018,Health Care,Major Pharmaceuticals,https://www.nasdaq.com/symbol/adilw
ADNT,Adient plc,15.17,$1.42B,2016,Capital Goods,Auto Parts:O.E.M.,https://www.nasdaq.com/symbol/adnt
ADMA,ADMA Biologics Inc,3.89,$180.31M,n/a,Health Care,Biotechnology: Biological Products (No Diagnostic Substances),https://www.nasdaq.com/symbol/adma
ADBE,Adobe Inc.,260.96,$127.64B,1986,Technology,Computer Software: Prepackaged Software,https://www.nasdaq.com/symbol/adbe
ADOM,"ADOMANI, Inc.",0.351,$25.53M,2017,Capital Goods,Auto Parts:O.E.M.,https://www.nasdaq.com/symbol/adom
ADT,ADT Inc.,7.59,$5.82B,2018,Consumer Services,Diversified Commercial Services,https://www.nasdaq.com/symbol/adt
ATGE,Adtalem Global Education Inc.,48.2,$2.78B,n/a,Consumer Services,Other Consumer Services,https://www.nasdaq.com/symbol/atge
ADTN,"ADTRAN, Inc.",14.81,$707.58M,1994,Public Utilities,Telecommunications Equipment,https://www.nasdaq.com/symbol/adtn
ADRO,"Aduro Biotech, Inc.",3.98,$317.24M,2015,Health Care,Major Pharmaceuticals,https://www.nasdaq.com/symbol/adro
AAP,Advance Auto Parts Inc,155.46,$11.14B,n/a,Consumer Services,Other Specialty Stores,https://www.nasdaq.com/symbol/aap
ADSW,"Advanced Disposal Services, Inc.",26.76,$2.37B,2016,Public Utilities,Environmental Services,https://www.nasdaq.com/symbol/adsw
WMS,"Advanced Drainage Systems, Inc.",25.11,$1.44B,2014,Capital Goods,Containers/Packaging,https://www.nasdaq.com/symbol/wms
ADES,"Advanced Emissions Solutions, Inc.",11.27,$224.45M,n/a,Basic Industries,Major Chemicals,https://www.nasdaq.com/symbol/ades
AEIS,"Advanced Energy Industries, Inc.",47.93,$1.83B,1995,Capital Goods,Industrial Machinery/Components,https://www.nasdaq.com/symbol/aeis
AMD,"Advanced Micro Devices, Inc.",22.96,$24.8B,n/a,Technology,Semiconductors,https://www.nasdaq.com/symbol/amd
ASIX,AdvanSix Inc.,31.98,$928.27M,2016,Basic Industries,Major Chemicals,https://www.nasdaq.com/symbol/asix
ADXS,"Advaxis, Inc.",0.3336,$23.25M,n/a,Health Care,Major Pharmaceuticals,https://www.nasdaq.com/symbol/adxs
AVK,Advent Claymore Convertible Securities and Income Fund,14.43,$498.2M,2003,n/a,n/a,https://www.nasdaq.com/symbol/avk
ADVM,"Adverum Biotechnologies, Inc.",4.7,$297.04M,2014,Health Care,Biotechnology: Biological Products (No Diagnostic Substances),https://www.nasdaq.com/symbol/advm
DWMC,AdvisorShares Dorsey Wright Micro-Cap ETF,21.99,$1.65M,n/a,n/a,n/a,https://www.nasdaq.com/symbol/dwmc
DWSH,AdvisorShares Dorsey Wright Short ETF,25.025,$16.89M,n/a,n/a,n/a,https://www.nasdaq.com/symbol/dwsh
BKCH,AdvisorShares Sabretooth ETF,25.45,$2.55M,n/a,n/a,n/a,https://www.nasdaq.com/symbol/bkch
ACT,AdvisorShares Vice ETF,25.2732,$13.9M,n/a,n/a,n/a,https://www.nasdaq.com/symbol/act
ACM,AECOM,30.38,$4.74B,2007,Consumer Services,Military/Government/Technical,https://www.nasdaq.com/symbol/acm
AEGN,Aegion Corp,17.02,$540.45M,n/a,Basic Industries,Water Supply,https://www.nasdaq.com/symbol/aegn
AGLE,"Aeglea BioTherapeutics, Inc.",8.23,$236.74M,2016,Health Care,Major Pharmaceuticals,https://www.nasdaq.com/symbol/agle
AEB,Aegon NV,22.25,n/a,n/a,Finance,Life Insurance,https://www.nasdaq.com/symbol/aeb
AED,Aegon NV,25.95,n/a,n/a,Finance,Life Insurance,https://www.nasdaq.com/symbol/aed
AEG,Aegon NV,5.09,$10.28B,n/a,Finance,Life Insurance,https://www.nasdaq.com/symbol/aeg
AEH,Aegon NV,25.6827,n/a,n/a,Finance,Life Insurance,https://www.nasdaq.com/symbol/aeh
AEHR,Aehr Test Systems,1.385,$30.96M,1997,Capital Goods,Electrical Products,https://www.nasdaq.com/symbol/aehr
AMTX,"Aemetis, Inc",0.92,$18.72M,n/a,Basic Industries,Major Chemicals,https://www.nasdaq.com/symbol/amtx
AER,Aercap Holdings N.V.,41.63,$6.12B,2006,Technology,Diversified Commercial Services,https://www.nasdaq.com/symbol/aer
AERI,"Aerie Pharmaceuticals, Inc.",46.59,$2.14B,2013,Health Care,Biotechnology: Biological Products (No Diagnostic Substances),https://www.nasdaq.com/symbol/aeri
ACY,AeroCentury Corp.,12.27,$18.97M,n/a,Technology,Diversified Commercial Services,https://www.nasdaq.com/symbol/acy
HIVE,"Aerohive Networks, Inc.",4.4,$245.82M,2014,Technology,EDP Services,https://www.nasdaq.com/symbol/hive
AJRD,"Aerojet Rocketdyne Holdings, Inc. ",33.48,$2.62B,n/a,Capital Goods,Military/Government/Technical,https://www.nasdaq.com/symbol/ajrd
AVAV,"AeroVironment, Inc.",78.38,$1.88B,2007,Capital Goods,Aerospace,https://www.nasdaq.com/symbol/avav
ARPO,"Aerpio Pharmaceuticals, Inc.",3.64,$147.74M,n/a,Health Care,Major Pharmaceuticals,https://www.nasdaq.com/symbol/arpo
AEZS,AEterna Zentaris Inc.,3.67,$60.34M,n/a,Health Care,Major Pharmaceuticals,https://www.nasdaq.com/symbol/aezs
AEMD,"Aethlon Medical, Inc.",1.01,$19.15M,n/a,Capital Goods,Biotechnology: Laboratory Analytical Instruments,https://www.nasdaq.com/symbol/aemd
GNMX,"Aevi Genomic Medicine, Inc.",0.219,$14.18M,n/a,Health Care,Biotechnology: Biological Products (No Diagnostic Substances),https://www.nasdaq.com/symbol/gnmx
AMG,"Affiliated Managers Group, Inc.",106.56,$5.55B,n/a,Finance,Investment Managers,https://www.nasdaq.com/symbol/amg
AFMD,Affimed N.V.,3.63,$226.61M,2014,Health Care,Major Pharmaceuticals,https://www.nasdaq.com/symbol/afmd
AFL,Aflac Incorporated,49.07,$36.82B,n/a,Finance,Accident &Health Insurance,https://www.nasdaq.com/symbol/afl
MITT,"AG Mortgage Investment Trust, Inc.",17.6,$566.72M,2011,n/a,n/a,https://www.nasdaq.com/symbol/mitt
MITT^A,"AG Mortgage Investment Trust, Inc.",25.2223,n/a,n/a,n/a,n/a,https://www.nasdaq.com/symbol/mitt^a
MITT^B,"AG Mortgage Investment Trust, Inc.",25.66,n/a,n/a,n/a,n/a,https://www.nasdaq.com/symbol/mitt^b
AGCO,AGCO Corporation,66.7,$5.1B,n/a,Capital Goods,Industrial Machinery/Components,https://www.nasdaq.com/symbol/agco
UAVS,"AgEagle Aerial Systems, Inc.",0.4912,$5.7M,n/a,Capital Goods,Aerospace,https://www.nasdaq.com/symbol/uavs
AGEN,Agenus Inc.,2.77,$363.17M,2000,Health Care,Biotechnology: Biological Products (No Diagnostic Substances),https://www.nasdaq.com/symbol/agen
AGE,"AgeX Therapeutics, Inc.",4.28,$153.22M,2018,Health Care,Major Pharmaceuticals,https://www.nasdaq.com/symbol/age
AGRX,"Agile Therapeutics, Inc.",1.44,$62.23M,2014,Health Care,Major Pharmaceuticals,https://www.nasdaq.com/symbol/agrx
A,"Agilent Technologies, Inc.",79.3,$25.18B,1999,Capital Goods,Biotechnology: Laboratory Analytical Instruments,https://www.nasdaq.com/symbol/a
AGYS,"Agilysys, Inc.",20.7,$487.18M,n/a,Technology,EDP Services,https://www.nasdaq.com/symbol/agys
AGIO,"Agios Pharmaceuticals, Inc.",64.35,$3.76B,2013,Health Care,Major Pharmaceuticals,https://www.nasdaq.com/symbol/agio
AGMH,AGM Group Holdings Inc.,22.73,$755M,2018,Technology,EDP Services,https://www.nasdaq.com/symbol/agmh
AGNC,AGNC Investment Corp.,17.95,$9.63B,2008,Consumer Services,Real Estate Investment Trusts,https://www.nasdaq.com/symbol/agnc
AGNCB,AGNC Investment Corp.,25.48,$8.83B,n/a,Consumer Services,Real Estate Investment Trusts,https://www.nasdaq.com/symbol/agncb
AGNCM,AGNC Investment Corp.,24.86,n/a,n/a,Consumer Services,Real Estate Investment Trusts,https://www.nasdaq.com/symbol/agncm
AGNCN,AGNC Investment Corp.,25.86,n/a,n/a,Consumer Services,Real Estate Investment Trusts,https://www.nasdaq.com/symbol/agncn
AEM,Agnico Eagle Mines Limited,43.34,$10.19B,n/a,Basic Industries,Precious Metals,https://www.nasdaq.com/symbol/aem
ADC,Agree Realty Corporation,66.7,$2.5B,n/a,Consumer Services,Real Estate Investment Trusts,https://www.nasdaq.com/symbol/adc
AGFS,"AgroFresh Solutions, Inc.",4.86,$245.13M,2014,Finance,Business Services,https://www.nasdaq.com/symbol/agfs
AGFSW,"AgroFresh Solutions, Inc.",0.13,n/a,2014,Finance,Business Services,https://www.nasdaq.com/symbol/agfsw
ALRN,"Aileron Therapeutics, Inc.",1.4,$20.65M,2017,Health Care,Major Pharmaceuticals,https://www.nasdaq.com/symbol/alrn
AIMT,"Aimmune Therapeutics, Inc.",23.05,$1.43B,2015,Health Care,Major Pharmaceuticals,https://www.nasdaq.com/symbol/aimt
AIRI,Air Industries Group,1.31,$36.34M,n/a,Capital Goods,Military/Government/Technical,https://www.nasdaq.com/symbol/airi
AL,Air Lease Corporation,34.79,$3.86B,2011,Technology,Diversified Commercial Services,https://www.nasdaq.com/symbol/al
AL^A,Air Lease Corporation,25.2,n/a,n/a,n/a,n/a,https://www.nasdaq.com/symbol/al^a
APD,"Air Products and Chemicals, Inc.",183.95,$40.4B,n/a,Basic Industries,Major Chemicals,https://www.nasdaq.com/symbol/apd
AIRT,"Air T, Inc.",31.4,$63.56M,n/a,Transportation,Air Freight/Delivery Services,https://www.nasdaq.com/symbol/airt
ATSG,"Air Transport Services Group, Inc",20.94,$1.24B,n/a,Transportation,Air Freight/Delivery Services,https://www.nasdaq.com/symbol/atsg
AYR,Aircastle Limited,19.6,$1.47B,2006,Technology,Diversified Commercial Services,https://www.nasdaq.com/symbol/ayr
AIRG,"Airgain, Inc.",13.5,$129.62M,2016,Technology,Radio And Television Broadcasting And Communications Equipment,https://www.nasdaq.com/symbol/airg
AMCN,AirMedia Group Inc,0.46,$28.89M,2007,Technology,Advertising,https://www.nasdaq.com/symbol/amcn
AKS,AK Steel Holding Corporation,2.75,$869.85M,n/a,Basic Industries,Steel/Iron Ore,https://www.nasdaq.com/symbol/aks
AKAM,"Akamai Technologies, Inc.",71.94,$11.74B,1999,Miscellaneous,Business Services,https://www.nasdaq.com/symbol/akam
AKTX,Akari Therapeutics Plc,1.88,$29.72M,n/a,Health Care,Major Pharmaceuticals,https://www.nasdaq.com/symbol/aktx
AKCA,"Akcea Therapeutics, Inc.",30.45,$2.72B,2017,Health Care,Major Pharmaceuticals,https://www.nasdaq.com/symbol/akca
AKBA,"Akebia Therapeutics, Inc.",7.34,$857.95M,2014,Health Care,Major Pharmaceuticals,https://www.nasdaq.com/symbol/akba
AKER,Akers Biosciences Inc.,1.01,$12.61M,2014,Health Care,Biotechnology: In Vitro & In Vivo Diagnostic Substances,https://www.nasdaq.com/symbol/aker
AKRX,"Akorn, Inc.",3.71,$465.89M,n/a,Health Care,Major Pharmaceuticals,https://www.nasdaq.com/symbol/akrx
AKTS,"Akoustis Technologies, Inc.",6.1,$182.47M,n/a,Public Utilities,Telecommunications Equipment,https://www.nasdaq.com/symbol/akts
ALP^Q,Alabama Power Company,25.03,n/a,n/a,n/a,n/a,https://www.nasdaq.com/symbol/alp^q
ALG,"Alamo Group, Inc.",98.29,$1.15B,n/a,Capital Goods,Industrial Machinery/Components,https://www.nasdaq.com/symbol/alg
AGI,Alamos Gold Inc.,4.96,$1.94B,2015,Basic Industries,Precious Metals,https://www.nasdaq.com/symbol/agi
ALRM,"Alarm.com Holdings, Inc.",59.98,$2.89B,2015,Technology,Computer Software: Prepackaged Software,https://www.nasdaq.com/symbol/alrm
ALK,"Alaska Air Group, Inc.",55.42,$6.82B,n/a,Transportation,Air Freight/Delivery Services,https://www.nasdaq.com/symbol/alk
ALSK,"Alaska Communications Systems Group, Inc.",1.75,$93.07M,1999,Public Utilities,Telecommunications Equipment,https://www.nasdaq.com/symbol/alsk
AIN,Albany International Corporation,72.95,$2.35B,n/a,Basic Industries,Textiles,https://www.nasdaq.com/symbol/ain
ALB,Albemarle Corporation,85.51,$9.04B,n/a,Basic Industries,Major Chemicals,https://www.nasdaq.com/symbol/alb
ALAC,Alberton Acquisition Corporation,9.97,$146.46M,2018,Finance,Business Services,https://www.nasdaq.com/symbol/alac
ALACR,Alberton Acquisition Corporation,0.17,n/a,2018,Finance,Business Services,https://www.nasdaq.com/symbol/alacr
ALACU,Alberton Acquisition Corporation,10.17,n/a,2018,Finance,Business Services,https://www.nasdaq.com/symbol/alacu
ALACW,Alberton Acquisition Corporation,0.0799,n/a,2018,Finance,Business Services,https://www.nasdaq.com/symbol/alacw
ALBO,"Albireo Pharma, Inc.",30.73,$369.56M,n/a,Health Care,Major Pharmaceuticals,https://www.nasdaq.com/symbol/albo
ABDC,Alcentra Capital Corp.,7.46,$100.84M,n/a,n/a,n/a,https://www.nasdaq.com/symbol/abdc
AA,Alcoa Corporation,27.52,$5.1B,2016,Basic Industries,Aluminum,https://www.nasdaq.com/symbol/aa
ALDR,"Alder BioPharmaceuticals, Inc.",12.77,$874.74M,2014,Health Care,Major Pharmaceuticals,https://www.nasdaq.com/symbol/aldr
ALDX,"Aldeyra Therapeutics, Inc.",8,$219.16M,2014,Health Care,Major Pharmaceuticals,https://www.nasdaq.com/symbol/aldx
ALEC,"Alector, Inc.",15.97,$1.09B,2019,Health Care,Biotechnology: Biological Products (No Diagnostic Substances),https://www.nasdaq.com/symbol/alec
ALEX,"Alexander & Baldwin, Inc.",22.86,$1.65B,n/a,Consumer Services,Real Estate Investment Trusts,https://www.nasdaq.com/symbol/alex
ALX,"Alexander&#39;s, Inc.",363.61,$1.86B,n/a,Consumer Services,Real Estate Investment Trusts,https://www.nasdaq.com/symbol/alx
ARE,"Alexandria Real Estate Equities, Inc.",139.39,$15.71B,n/a,Consumer Services,Real Estate Investment Trusts,https://www.nasdaq.com/symbol/are
ARE^D,"Alexandria Real Estate Equities, Inc.",37.53,n/a,n/a,n/a,n/a,https://www.nasdaq.com/symbol/are^d
AXU,Alexco Resource Corp,1.35,$146.26M,n/a,Basic Industries,Precious Metals,https://www.nasdaq.com/symbol/axu
ALXN,"Alexion Pharmaceuticals, Inc.",132.04,$29.51B,1996,Health Care,Major Pharmaceuticals,https://www.nasdaq.com/symbol/alxn
AQN,Algonquin Power & Utilities Corp.,11.16,$5.46B,2016,Public Utilities,Electric Utilities: Central,https://www.nasdaq.com/symbol/aqn
AQNA,Algonquin Power & Utilities Corp.,26.65,n/a,2018,Public Utilities,Electric Utilities: Central,https://www.nasdaq.com/symbol/aqna
BABA,Alibaba Group Holding Limited,180.41,$467.66B,2014,Miscellaneous,Business Services,https://www.nasdaq.com/symbol/baba
ALCO,"Alico, Inc.",29.87,$222.91M,n/a,Consumer Non-Durables,Farming/Seeds/Milling,https://www.nasdaq.com/symbol/alco
ALGN,"Align Technology, Inc.",243.36,$19.47B,2001,Health Care,Industrial Specialties,https://www.nasdaq.com/symbol/algn
ALIM,"Alimera Sciences, Inc.",1.13,$80.19M,2010,Health Care,Major Pharmaceuticals,https://www.nasdaq.com/symbol/alim
ALO,Alio Gold Inc.,0.8314,$70.43M,2011,Basic Industries,Precious Metals,https://www.nasdaq.com/symbol/alo
ALYA,Alithya Group inc.,2.75,$133.22M,n/a,Technology,"Computer Software: Programming, Data Processing",https://www.nasdaq.com/symbol/alya
ALJJ,"ALJ Regional Holdings, Inc.",1.77,$67.31M,n/a,Miscellaneous,Business Services,https://www.nasdaq.com/symbol/aljj
ALKS,Alkermes plc,33.16,$5.17B,1991,Health Care,Major Pharmaceuticals,https://www.nasdaq.com/symbol/alks
ALLK,Allakos Inc.,39.25,$1.65B,2018,Health Care,Major Pharmaceuticals,https://www.nasdaq.com/symbol/allk
Y,Alleghany Corporation,612.53,$8.86B,n/a,Finance,Property-Casualty Insurers,https://www.nasdaq.com/symbol/y
ATI,Allegheny Technologies Incorporated,25.67,$3.23B,n/a,Basic Industries,Steel/Iron Ore,https://www.nasdaq.com/symbol/ati
ABTX,"Allegiance Bancshares, Inc.",36.32,$792.76M,2015,Finance,Major Banks,https://www.nasdaq.com/symbol/abtx
ALGT,Allegiant Travel Company,128.23,$2.09B,2006,Transportation,Air Freight/Delivery Services,https://www.nasdaq.com/symbol/algt
ALLE,Allegion plc,88.58,$8.37B,2013,Consumer Services,Diversified Commercial Services,https://www.nasdaq.com/symbol/alle
ALGR,Allegro Merger Corp.,9.92,$189.08M,2018,Finance,Business Services,https://www.nasdaq.com/symbol/algr
ALGRR,Allegro Merger Corp.,0.32,n/a,2018,Finance,Business Services,https://www.nasdaq.com/symbol/algrr
ALGRU,Allegro Merger Corp.,10.5,n/a,2018,Finance,Business Services,https://www.nasdaq.com/symbol/algru
ALGRW,Allegro Merger Corp.,0.28,n/a,2018,Finance,Business Services,https://www.nasdaq.com/symbol/algrw
ALNA,"Allena Pharmaceuticals, Inc.",7.09,$147.58M,2017,Health Care,Biotechnology: Biological Products (No Diagnostic Substances),https://www.nasdaq.com/symbol/alna
AGN,Allergan plc.,146.64,$48.77B,2013,Health Care,Major Pharmaceuticals,https://www.nasdaq.com/symbol/agn
ALE,"Allete, Inc.",83.47,$4.3B,n/a,Public Utilities,Power Generation,https://www.nasdaq.com/symbol/ale
AKP,Alliance California Municipal Income Fund Inc,14.59,$124.81M,2002,n/a,n/a,https://www.nasdaq.com/symbol/akp
ADS,Alliance Data Systems Corporation,169,$8.96B,2001,Miscellaneous,Business Services,https://www.nasdaq.com/symbol/ads
AFB,Alliance National Municipal Income Fund Inc,12.75,$366.5M,2002,n/a,n/a,https://www.nasdaq.com/symbol/afb
ARLP,"Alliance Resource Partners, L.P.",20.4,$2.62B,1999,Energy,Coal Mining,https://www.nasdaq.com/symbol/arlp
AWF,Alliance World Dollar Government Fund II,11.64,$1B,1993,n/a,n/a,https://www.nasdaq.com/symbol/awf
AB,AllianceBernstein Holding L.P.,29.07,$2.81B,n/a,Finance,Investment Managers,https://www.nasdaq.com/symbol/ab
LNT,Alliant Energy Corporation,46.69,$11.02B,n/a,Public Utilities,Power Generation,https://www.nasdaq.com/symbol/lnt
CBH,AllianzGI Convertible & Income 2024 Target Term Fund,8.91,$162.67M,2017,n/a,n/a,https://www.nasdaq.com/symbol/cbh
NCV,AllianzGI Convertible & Income Fund,6.33,$567.72M,2003,n/a,n/a,https://www.nasdaq.com/symbol/ncv
NCV^A,AllianzGI Convertible & Income Fund,24.5213,n/a,n/a,n/a,n/a,https://www.nasdaq.com/symbol/ncv^a
NCZ,AllianzGI Convertible & Income Fund II,5.58,$422.12M,2003,n/a,n/a,https://www.nasdaq.com/symbol/ncz
NCZ^A,AllianzGI Convertible & Income Fund II,23.84,n/a,n/a,n/a,n/a,https://www.nasdaq.com/symbol/ncz^a
ACV,AllianzGI Diversified Income & Convertible Fund,22.1,$227.88M,2015,n/a,n/a,https://www.nasdaq.com/symbol/acv
NIE,AllianzGI Equity & Convertible Income Fund,20.81,$576.62M,2007,n/a,n/a,https://www.nasdaq.com/symbol/nie
NFJ,"AllianzGI NFJ Dividend, Interest & Premium Strategy Fund",11.9,$1.13B,2005,Finance,Finance: Consumer Services,https://www.nasdaq.com/symbol/nfj
AHPI,"Allied Healthcare Products, Inc.",1.93,$7.75M,1992,Health Care,Industrial Specialties,https://www.nasdaq.com/symbol/ahpi
AMOT,"Allied Motion Technologies, Inc.",41.66,$394.79M,n/a,Capital Goods,Electrical Products,https://www.nasdaq.com/symbol/amot
ALQA,"Alliqua BioMedical, Inc.",2.94,$14.72M,n/a,Health Care,Medical/Dental Instruments,https://www.nasdaq.com/symbol/alqa
ALSN,"Allison Transmission Holdings, Inc.",46.61,$5.88B,2012,Capital Goods,Auto Parts:O.E.M.,https://www.nasdaq.com/symbol/alsn
ALLO,"Allogene Therapeutics, Inc.",28.26,$3.43B,2018,Health Care,Biotechnology: Biological Products (No Diagnostic Substances),https://www.nasdaq.com/symbol/allo
ALLT,Allot Ltd.,8.14,$275.92M,2006,Technology,Computer Communications Equipment,https://www.nasdaq.com/symbol/allt
MDRX,"Allscripts Healthcare Solutions, Inc.",10.3,$1.76B,n/a,Technology,EDP Services,https://www.nasdaq.com/symbol/mdrx
ALL,Allstate Corporation (The),94.11,$31.24B,n/a,Finance,Property-Casualty Insurers,https://www.nasdaq.com/symbol/all
ALL^A,Allstate Corporation (The),26.12,n/a,n/a,n/a,n/a,https://www.nasdaq.com/symbol/all^a
ALL^B,Allstate Corporation (The),25.48,n/a,n/a,n/a,n/a,https://www.nasdaq.com/symbol/all^b
ALL^D,Allstate Corporation (The),25.52,n/a,n/a,n/a,n/a,https://www.nasdaq.com/symbol/all^d
ALL^E,Allstate Corporation (The),25.43,n/a,n/a,n/a,n/a,https://www.nasdaq.com/symbol/all^e
ALL^F,Allstate Corporation (The),26.18,n/a,n/a,n/a,n/a,https://www.nasdaq.com/symbol/all^f
ALL^G,Allstate Corporation (The),25.41,n/a,n/a,n/a,n/a,https://www.nasdaq.com/symbol/all^g
ALLY,Ally Financial Inc.,26.43,$10.64B,2014,Finance,Major Banks,https://www.nasdaq.com/symbol/ally
ALLY^A,Ally Financial Inc.,26.01,n/a,n/a,n/a,n/a,https://www.nasdaq.com/symbol/ally^a
AAU,"Almaden Minerals, Ltd.",0.6004,$67.08M,2015,Basic Industries,Precious Metals,https://www.nasdaq.com/symbol/aau
ALNY,"Alnylam Pharmaceuticals, Inc.",87.85,$9.33B,2004,Health Care,Major Pharmaceuticals,https://www.nasdaq.com/symbol/alny
AOSL,Alpha and Omega Semiconductor Limited,11.1,$265.74M,2010,Technology,Semiconductors,https://www.nasdaq.com/symbol/aosl
APT,"Alpha Pro Tech, Ltd.",3.72,$50.28M,n/a,Health Care,Industrial Specialties,https://www.nasdaq.com/symbol/apt
GOOG,Alphabet Inc.,1175.76,$817.37B,2004,Technology,"Computer Software: Programming, Data Processing",https://www.nasdaq.com/symbol/goog
GOOGL,Alphabet Inc.,1179.26,$819.81B,n/a,Technology,"Computer Software: Programming, Data Processing",https://www.nasdaq.com/symbol/googl
SMCP,AlphaMark Actively Managed Small Cap ETF,23.5199,$23.52M,n/a,n/a,n/a,https://www.nasdaq.com/symbol/smcp
ATEC,"Alphatec Holdings, Inc.",2.6,$112.35M,2006,Health Care,Medical/Dental Instruments,https://www.nasdaq.com/symbol/atec
ALPN,"Alpine Immune Sciences, Inc.",7.1,$131.78M,2015,Health Care,Major Pharmaceuticals,https://www.nasdaq.com/symbol/alpn
AMR,"Alta Mesa Resources, Inc.",0.2981,$113.54M,2017,Energy,Oil & Gas Production,https://www.nasdaq.com/symbol/amr
AMRWW,"Alta Mesa Resources, Inc.",0.0375,n/a,2017,Energy,Oil & Gas Production,https://www.nasdaq.com/symbol/amrww
AABA,Altaba Inc.,73.47,$41.69B,n/a,Technology,EDP Services,https://www.nasdaq.com/symbol/aaba
ALTR,Altair Engineering Inc.,37.8,$2.67B,2017,Technology,Computer Software: Prepackaged Software,https://www.nasdaq.com/symbol/altr
AYX,"Alteryx, Inc.",75.17,$4.64B,2017,Technology,Computer Software: Prepackaged Software,https://www.nasdaq.com/symbol/ayx
ATUS,"Altice USA, Inc.",21.8,$15.21B,2017,Consumer Services,Television Services,https://www.nasdaq.com/symbol/atus
ALT,"Altimmune, Inc.",2.78,$24.34M,n/a,Health Care,Major Pharmaceuticals,https://www.nasdaq.com/symbol/alt
AAMC,Altisource Asset Management Corp,34.77,$55.1M,n/a,Finance,Real Estate,https://www.nasdaq.com/symbol/aamc
ASPS,Altisource Portfolio Solutions S.A.,25.56,$416.71M,n/a,Consumer Services,Other Consumer Services,https://www.nasdaq.com/symbol/asps
AIMC,Altra Industrial Motion Corp.,31.39,$2.03B,2006,Capital Goods,Industrial Machinery/Components,https://www.nasdaq.com/symbol/aimc
MO,Altria Group,56.01,$104.99B,n/a,Consumer Non-Durables,Farming/Seeds/Milling,https://www.nasdaq.com/symbol/mo
ALTM,Altus Midstream Company,5.64,$1.83B,2017,Public Utilities,Natural Gas Distribution,https://www.nasdaq.com/symbol/altm
ACH,Aluminum Corporation of China Limited,9.89,$6.73B,2001,Basic Industries,Aluminum,https://www.nasdaq.com/symbol/ach
AMAG,"AMAG Pharmaceuticals, Inc.",12.75,$442.59M,n/a,Health Care,Major Pharmaceuticals,https://www.nasdaq.com/symbol/amag
AMAL,Amalgamated Bank,16.83,$534.72M,2018,Consumer Non-Durables,Textiles,https://www.nasdaq.com/symbol/amal
AMRN,Amarin Corporation plc,21.87,$7.2B,n/a,Health Care,Major Pharmaceuticals,https://www.nasdaq.com/symbol/amrn
AMRK,"A-Mark Precious Metals, Inc.",12.3,$86.49M,n/a,Basic Industries,Other Specialty Stores,https://www.nasdaq.com/symbol/amrk
AMZN,"Amazon.com, Inc.",1670.62,$820.61B,1997,Consumer Services,Catalog/Specialty Distribution,https://www.nasdaq.com/symbol/amzn
AMBC,"Ambac Financial Group, Inc.",19.69,$892.78M,n/a,Finance,Property-Casualty Insurers,https://www.nasdaq.com/symbol/ambc
AMBCW,"Ambac Financial Group, Inc.",9.06,n/a,n/a,Finance,Property-Casualty Insurers,https://www.nasdaq.com/symbol/ambcw
AMBA,"Ambarella, Inc.",43.66,$1.4B,2012,Technology,Semiconductors,https://www.nasdaq.com/symbol/amba
AMBR,"Amber Road, Inc.",8.76,$246.01M,2014,Technology,Computer Software: Prepackaged Software,https://www.nasdaq.com/symbol/ambr
ABEV,Ambev S.A.,4.43,$69.65B,2013,Consumer Non-Durables,Beverages (Production/Distribution),https://www.nasdaq.com/symbol/abev
AMBO,Ambow Education Holding Ltd.,6.4,$138.06M,n/a,Consumer Services,Other Consumer Services,https://www.nasdaq.com/symbol/ambo
AMC,"AMC Entertainment Holdings, Inc.",14.65,$1.52B,2013,Consumer Services,Movies/Entertainment,https://www.nasdaq.com/symbol/amc
AMCX,AMC Networks Inc.,61.25,$3.44B,n/a,Consumer Services,Television Services,https://www.nasdaq.com/symbol/amcx
AMCI,AMCI Acquisition Corp.,9.8,n/a,2018,Finance,Business Services,https://www.nasdaq.com/symbol/amci
AMCIU,AMCI Acquisition Corp.,10.03,n/a,2018,Finance,Business Services,https://www.nasdaq.com/symbol/amciu
AMCIW,AMCI Acquisition Corp.,0.3,n/a,2018,Finance,Business Services,https://www.nasdaq.com/symbol/amciw
DIT,AMCON Distributing Company,92.5709,$57.14M,n/a,Consumer Non-Durables,Food Distributors,https://www.nasdaq.com/symbol/dit
DOX,Amdocs Limited,54.93,$7.64B,n/a,Technology,EDP Services,https://www.nasdaq.com/symbol/dox
AMED,Amedisys Inc,119.68,$3.83B,n/a,Health Care,Medical/Nursing Services,https://www.nasdaq.com/symbol/amed
UHAL,Amerco,376.13,$7.38B,n/a,Consumer Services,Rental/Leasing Companies,https://www.nasdaq.com/symbol/uhal
AEE,Ameren Corporation,72.57,$17.75B,n/a,Public Utilities,Power Generation,https://www.nasdaq.com/symbol/aee
AMRC,"Ameresco, Inc.",16.15,$747.35M,2010,Basic Industries,Engineering & Construction,https://www.nasdaq.com/symbol/amrc
AMRH,"Ameri Holdings, Inc.",0.39,$15.45M,n/a,Technology,Semiconductors,https://www.nasdaq.com/symbol/amrh
AMRHW,"Ameri Holdings, Inc.",0.05,n/a,n/a,Technology,Semiconductors,https://www.nasdaq.com/symbol/amrhw
ATAX,"America First Multifamily Investors, L.P.",6.8,$412.7M,n/a,Finance,Finance: Consumer Services,https://www.nasdaq.com/symbol/atax
AMOV,"America Movil, S.A.B. de C.V.",14.2189,$46.94B,n/a,Public Utilities,Telecommunications Equipment,https://www.nasdaq.com/symbol/amov
AMX,"America Movil, S.A.B. de C.V.",14.3,$47.21B,n/a,Public Utilities,Telecommunications Equipment,https://www.nasdaq.com/symbol/amx
AAL,"American Airlines Group, Inc.",32.05,$14.39B,n/a,Transportation,Air Freight/Delivery Services,https://www.nasdaq.com/symbol/aal
AAT,"American Assets Trust, Inc.",45.57,$2.16B,2011,Consumer Services,Real Estate Investment Trusts,https://www.nasdaq.com/symbol/aat
AXL,"American Axle & Manufacturing Holdings, Inc.",14.71,$1.64B,n/a,Capital Goods,Auto Parts:O.E.M.,https://www.nasdaq.com/symbol/axl
ACC,American Campus Communities Inc,45.97,$6.3B,2004,Consumer Services,Real Estate Investment Trusts,https://www.nasdaq.com/symbol/acc
AEO,"American Eagle Outfitters, Inc.",21.06,$3.72B,n/a,Consumer Services,Clothing/Shoe/Accessory Stores,https://www.nasdaq.com/symbol/aeo
AEP,"American Electric Power Company, Inc.",82.6,$40.74B,n/a,Public Utilities,Electric Utilities: Central,https://www.nasdaq.com/symbol/aep
AETI,"American Electric Technologies, Inc.",0.76,$6.89M,n/a,Energy,Industrial Machinery/Components,https://www.nasdaq.com/symbol/aeti
AEL,American Equity Investment Life Holding Company,30.13,$2.73B,2003,Finance,Life Insurance,https://www.nasdaq.com/symbol/ael
AXP,American Express Company,109.56,$92.4B,n/a,Finance,Finance: Consumer Services,https://www.nasdaq.com/symbol/axp
AFIN,"American Finance Trust, Inc.",10.85,$1.15B,n/a,Consumer Services,Real Estate Investment Trusts,https://www.nasdaq.com/symbol/afin
AFG,"American Financial Group, Inc.",96.1,$8.58B,n/a,Finance,Property-Casualty Insurers,https://www.nasdaq.com/symbol/afg
AFGE,"American Financial Group, Inc.",26,n/a,2014,Finance,Property-Casualty Insurers,https://www.nasdaq.com/symbol/afge
AFGH,"American Financial Group, Inc.",25.8,n/a,2015,Finance,Property-Casualty Insurers,https://www.nasdaq.com/symbol/afgh
AMH,American Homes 4 Rent,22.33,$6.62B,2013,Consumer Services,Real Estate Investment Trusts,https://www.nasdaq.com/symbol/amh
AMH^D,American Homes 4 Rent,26.12,n/a,n/a,n/a,n/a,https://www.nasdaq.com/symbol/amh^d
AMH^E,American Homes 4 Rent,25.6723,n/a,n/a,n/a,n/a,https://www.nasdaq.com/symbol/amh^e
AMH^F,American Homes 4 Rent,24.46,n/a,n/a,n/a,n/a,https://www.nasdaq.com/symbol/amh^f
AMH^G,American Homes 4 Rent,24.86,n/a,n/a,n/a,n/a,https://www.nasdaq.com/symbol/amh^g
AMH^H,American Homes 4 Rent,25.06,n/a,n/a,n/a,n/a,https://www.nasdaq.com/symbol/amh^h
AIG,"American International Group, Inc.",42.82,$37.23B,n/a,Finance,Property-Casualty Insurers,https://www.nasdaq.com/symbol/aig
AIG.WS,"American International Group, Inc.",n/a,n/a,n/a,n/a,n/a,https://www.nasdaq.com/symbol/aig.ws
AMID,"American Midstream Partners, LP",3.98,$214.19M,2011,Public Utilities,Natural Gas Distribution,https://www.nasdaq.com/symbol/amid
AMNB,"American National Bankshares, Inc.",34.84,$304.48M,n/a,Finance,Major Banks,https://www.nasdaq.com/symbol/amnb
ANAT,American National Insurance Company,141.6,$3.81B,n/a,Finance,Life Insurance,https://www.nasdaq.com/symbol/anat
AOBC,American Outdoor Brands Corporation,9.65,$526.39M,n/a,Capital Goods,Ordnance And Accessories,https://www.nasdaq.com/symbol/aobc
APEI,"American Public Education, Inc.",32.77,$538.22M,2007,Consumer Services,Other Consumer Services,https://www.nasdaq.com/symbol/apei
ARL,"American Realty Investors, Inc.",12.28,$196.44M,n/a,Finance,Real Estate,https://www.nasdaq.com/symbol/arl
ARA,"American Renal Associates Holdings, Inc",9.79,$318.34M,2016,Health Care,Hospital/Nursing Management,https://www.nasdaq.com/symbol/ara
AREC,American Resources Corporation,4.05,$71.73M,n/a,Consumer Services,Other Consumer Services,https://www.nasdaq.com/symbol/arec
AMRB,American River Bankshares,13.09,$76.7M,n/a,Finance,Major Banks,https://www.nasdaq.com/symbol/amrb
AMS,American Shared Hospital Services,2.75,$15.71M,n/a,Health Care,Medical Specialities,https://www.nasdaq.com/symbol/ams
AMSWA,"American Software, Inc.",11.63,$360.03M,n/a,Technology,Computer Software: Prepackaged Software,https://www.nasdaq.com/symbol/amswa
AWR,American States Water Company,71.61,$2.63B,n/a,Public Utilities,Water Supply,https://www.nasdaq.com/symbol/awr
AMSC,American Superconductor Corporation,15.56,$333.26M,1991,Consumer Durables,Metal Fabrications,https://www.nasdaq.com/symbol/amsc
AMT,American Tower Corporation (REIT),185.16,$81.68B,n/a,Consumer Services,Real Estate Investment Trusts,https://www.nasdaq.com/symbol/amt
AVD,American Vanguard Corporation,19.01,$576.38M,n/a,Basic Industries,Agricultural Chemicals,https://www.nasdaq.com/symbol/avd
AWK,American Water Works,104.03,$18.8B,2008,Public Utilities,Water Supply,https://www.nasdaq.com/symbol/awk
AMWD,American Woodmark Corporation,80.94,$1.37B,1986,Basic Industries,Forest Products,https://www.nasdaq.com/symbol/amwd
CRMT,"America&#39;s Car-Mart, Inc.",82.1,$548.84M,n/a,Consumer Durables,Automotive Aftermarket,https://www.nasdaq.com/symbol/crmt
USAS,Americas Silver Corporation,1.67,$75.11M,2017,Basic Industries,Precious Metals,https://www.nasdaq.com/symbol/usas
COLD,Americold Realty Trust,30.37,$4.52B,2018,Consumer Services,Real Estate Investment Trusts,https://www.nasdaq.com/symbol/cold
APU,"AmeriGas Partners, L.P.",27.88,$2.59B,n/a,Consumer Services,Other Specialty Stores,https://www.nasdaq.com/symbol/apu
AMP,"AMERIPRISE FINANCIAL SERVICES, INC.",124.36,$16.85B,n/a,Finance,Investment Managers,https://www.nasdaq.com/symbol/amp
ABCB,Ameris Bancorp,38.33,$1.82B,1994,Finance,Major Banks,https://www.nasdaq.com/symbol/abcb
AMSF,"AMERISAFE, Inc.",61.03,$1.18B,2005,Finance,Property-Casualty Insurers,https://www.nasdaq.com/symbol/amsf
ASRV,AmeriServ Financial Inc.,4.14,$72.94M,n/a,Finance,Major Banks,https://www.nasdaq.com/symbol/asrv
ASRVP,AmeriServ Financial Inc.,29.37,n/a,n/a,Finance,Major Banks,https://www.nasdaq.com/symbol/asrvp
ABC,AmerisourceBergen Corporation (Holding Co),77.95,$16.45B,n/a,Health Care,Other Pharmaceuticals,https://www.nasdaq.com/symbol/abc
ATLO,Ames National Corporation,27.83,$258.63M,n/a,Finance,Major Banks,https://www.nasdaq.com/symbol/atlo
AMGN,Amgen Inc.,184.14,$114.59B,1983,Health Care,Biotechnology: Biological Products (No Diagnostic Substances),https://www.nasdaq.com/symbol/amgn
FOLD,"Amicus Therapeutics, Inc.",13.49,$3.02B,2007,Health Care,Major Pharmaceuticals,https://www.nasdaq.com/symbol/fold
ANFI,Amira Nature Foods Ltd,1.09,$41.33M,2012,Consumer Non-Durables,Packaged Foods,https://www.nasdaq.com/symbol/anfi
AMKR,"Amkor Technology, Inc.",8.64,$2.07B,1998,Technology,Semiconductors,https://www.nasdaq.com/symbol/amkr
AMN,AMN Healthcare Services Inc,46.52,$2.18B,n/a,Technology,Professional Services,https://www.nasdaq.com/symbol/amn
AMRX,"Amneal Pharmaceuticals, Inc.",11.87,$3.55B,2018,Health Care,Major Pharmaceuticals,https://www.nasdaq.com/symbol/amrx
AP,Ampco-Pittsburgh Corporation,3.79,$47.36M,n/a,Capital Goods,Fluid Controls,https://www.nasdaq.com/symbol/ap
AMPH,"Amphastar Pharmaceuticals, Inc.",23.72,$1.09B,2014,Health Care,Major Pharmaceuticals,https://www.nasdaq.com/symbol/amph
APH,Amphenol Corporation,93.97,$28.01B,n/a,Capital Goods,Electrical Products,https://www.nasdaq.com/symbol/aph
AMPE,"Ampio Pharmaceuticals, Inc.",0.6201,$66.17M,n/a,Health Care,Major Pharmaceuticals,https://www.nasdaq.com/symbol/ampe
IBUY,Amplify Online Retail ETF,49.53,$284.8M,n/a,n/a,n/a,https://www.nasdaq.com/symbol/ibuy
APHB,AmpliPhi Biosciences Corporation,0.349,$11.27M,n/a,Health Care,Biotechnology: Biological Products (No Diagnostic Substances),https://www.nasdaq.com/symbol/aphb
AXR,AMREP Corporation,5.6,$45.52M,n/a,Consumer Services,Newspapers/Magazines,https://www.nasdaq.com/symbol/axr
ASYS,"Amtech Systems, Inc.",4.9,$69.72M,n/a,Technology,Industrial Machinery/Components,https://www.nasdaq.com/symbol/asys
AME,"AMTEK, Inc.",80.09,$18.19B,n/a,Consumer Durables,Metal Fabrications,https://www.nasdaq.com/symbol/ame
AMRS,"Amyris, Inc.",4.4,$323.65M,2010,Basic Industries,Major Chemicals,https://www.nasdaq.com/symbol/amrs
APC,Anadarko Petroleum Corporation,43.45,$21.71B,n/a,Energy,Oil & Gas Production,https://www.nasdaq.com/symbol/apc
ADI,"Analog Devices, Inc.",107.68,$39.66B,n/a,Technology,Semiconductors,https://www.nasdaq.com/symbol/adi
PLAN,"Anaplan, Inc.",38.73,$4.84B,2018,Technology,Computer Software: Prepackaged Software,https://www.nasdaq.com/symbol/plan
ANAB,"AnaptysBio, Inc.",65.94,$1.78B,2017,Health Care,Major Pharmaceuticals,https://www.nasdaq.com/symbol/anab
AVXL,Anavex Life Sciences Corp.,3.03,$142.07M,n/a,Health Care,Biotechnology: Commercial Physical & Biological Resarch,https://www.nasdaq.com/symbol/avxl
ANCN,Anchiano Therapeutics Ltd.,7.6888,$44.34M,2019,Health Care,Major Pharmaceuticals,https://www.nasdaq.com/symbol/ancn
ANDX,Andeavor Logistics LP,36.22,$8.89B,2011,Energy,Natural Gas Distribution,https://www.nasdaq.com/symbol/andx
ANDA,Andina Acquisition Corp. III,9.7,n/a,2019,Finance,Business Services,https://www.nasdaq.com/symbol/anda
ANDAR,Andina Acquisition Corp. III,0.25,n/a,2019,Finance,Business Services,https://www.nasdaq.com/symbol/andar
ANDAU,Andina Acquisition Corp. III,10.11,n/a,2019,Finance,Business Services,https://www.nasdaq.com/symbol/andau
ANDAW,Andina Acquisition Corp. III,0.19,n/a,2019,Finance,Business Services,https://www.nasdaq.com/symbol/andaw
ANGI,ANGI Homeservices Inc.,15.98,$8.05B,n/a,Consumer Services,Advertising,https://www.nasdaq.com/symbol/angi
ANGO,"AngioDynamics, Inc.",21.57,$801.05M,2004,Health Care,Medical/Dental Instruments,https://www.nasdaq.com/symbol/ango
AU,AngloGold Ashanti Limited,12.81,$5.27B,n/a,Basic Industries,Precious Metals,https://www.nasdaq.com/symbol/au
BUD,Anheuser-Busch Inbev SA,80.8,$158.09B,n/a,Consumer Non-Durables,Beverages (Production/Distribution),https://www.nasdaq.com/symbol/bud
ANIP,"ANI Pharmaceuticals, Inc.",65.23,$773.77M,n/a,Health Care,Major Pharmaceuticals,https://www.nasdaq.com/symbol/anip
ANIK,Anika Therapeutics Inc.,30.52,$433.74M,n/a,Health Care,Medical/Dental Instruments,https://www.nasdaq.com/symbol/anik
ANIX,"Anixa Biosciences, Inc.",5.07,$97.81M,n/a,Health Care,Medical Specialities,https://www.nasdaq.com/symbol/anix
AXE,Anixter International Inc.,56.36,$1.89B,n/a,Consumer Non-Durables,Telecommunications Equipment,https://www.nasdaq.com/symbol/axe
NLY,Annaly Capital Management Inc,10.3,$14.42B,n/a,Consumer Services,Real Estate Investment Trusts,https://www.nasdaq.com/symbol/nly
NLY^C,Annaly Capital Management Inc,25.42,n/a,n/a,n/a,n/a,https://www.nasdaq.com/symbol/nly^c
NLY^D,Annaly Capital Management Inc,25.3,n/a,n/a,n/a,n/a,https://www.nasdaq.com/symbol/nly^d
NLY^F,Annaly Capital Management Inc,25.3,n/a,n/a,n/a,n/a,https://www.nasdaq.com/symbol/nly^f
NLY^G,Annaly Capital Management Inc,24.05,n/a,n/a,n/a,n/a,https://www.nasdaq.com/symbol/nly^g
NLY^H,Annaly Capital Management Inc,25.8499,n/a,n/a,n/a,n/a,https://www.nasdaq.com/symbol/nly^h
ANSS,"ANSYS, Inc.",178.73,$14.97B,1996,Technology,Computer Software: Prepackaged Software,https://www.nasdaq.com/symbol/anss
ATRS,"Antares Pharma, Inc.",3.52,$554.55M,n/a,Health Care,Medical/Dental Instruments,https://www.nasdaq.com/symbol/atrs
AMGP,Antero Midstream GP LP,12.35,$2.3B,2017,Public Utilities,Natural Gas Distribution,https://www.nasdaq.com/symbol/amgp
AM,Antero Midstream Partners LP,23.46,$4.39B,2014,Public Utilities,Natural Gas Distribution,https://www.nasdaq.com/symbol/am
AR,Antero Resources Corporation,7.98,$2.46B,2013,Energy,Oil & Gas Production,https://www.nasdaq.com/symbol/ar
ANTM,"Anthem, Inc.",295.97,$76.07B,n/a,Health Care,Medical Specialities,https://www.nasdaq.com/symbol/antm
ANH,Anworth Mortgage Asset  Corporation,4.12,$406.06M,n/a,Consumer Services,Real Estate Investment Trusts,https://www.nasdaq.com/symbol/anh
ANH^A,Anworth Mortgage Asset  Corporation,26.4801,n/a,n/a,n/a,n/a,https://www.nasdaq.com/symbol/anh^a
ANH^B,Anworth Mortgage Asset  Corporation,23.1,n/a,n/a,n/a,n/a,https://www.nasdaq.com/symbol/anh^b
ANH^C,Anworth Mortgage Asset  Corporation,25.1,n/a,n/a,n/a,n/a,https://www.nasdaq.com/symbol/anh^c
AON,Aon plc,164.71,$39.53B,n/a,Finance,Specialty Insurers,https://www.nasdaq.com/symbol/aon
APA,Apache Corporation,32.75,$12.29B,n/a,Energy,Oil & Gas Production,https://www.nasdaq.com/symbol/apa
AIV,Apartment Investment and Management Company,49.83,$7.19B,1994,Consumer Services,Real Estate Investment Trusts,https://www.nasdaq.com/symbol/aiv
AIV^A,Apartment Investment and Management Company,25.913,n/a,n/a,n/a,n/a,https://www.nasdaq.com/symbol/aiv^a
APLS,"Apellis Pharmaceuticals, Inc.",19.36,$1.09B,2017,Health Care,Major Pharmaceuticals,https://www.nasdaq.com/symbol/apls
APY,Apergy Corporation,39.84,$3.08B,2018,Technology,Industrial Machinery/Components,https://www.nasdaq.com/symbol/apy
APHA,Aphria Inc.,9.76,$2.44B,n/a,Consumer Durables,Specialty Chemicals,https://www.nasdaq.com/symbol/apha
APOG,"Apogee Enterprises, Inc.",35.4,$962.02M,n/a,Capital Goods,Auto Parts:O.E.M.,https://www.nasdaq.com/symbol/apog
ARI,Apollo Commercial Real Estate Finance,18.21,$2.45B,2009,Consumer Services,Real Estate Investment Trusts,https://www.nasdaq.com/symbol/ari
ARI^C,Apollo Commercial Real Estate Finance,25.75,n/a,n/a,n/a,n/a,https://www.nasdaq.com/symbol/ari^c
APEN,"Apollo Endosurgery, Inc.",3.335,$73.01M,n/a,Health Care,Medical/Dental Instruments,https://www.nasdaq.com/symbol/apen
APO,"Apollo Global Management, LLC",28.58,$11.57B,2011,Finance,Investment Managers,https://www.nasdaq.com/symbol/apo
APO^A,"Apollo Global Management, LLC",25,n/a,n/a,n/a,n/a,https://www.nasdaq.com/symbol/apo^a
APO^B,"Apollo Global Management, LLC",24.76,n/a,n/a,n/a,n/a,https://www.nasdaq.com/symbol/apo^b
AINV,Apollo Investment Corporation,15.56,$1.08B,2004,n/a,n/a,https://www.nasdaq.com/symbol/ainv
AIY,Apollo Investment Corporation,26.01,n/a,2013,n/a,n/a,https://www.nasdaq.com/symbol/aiy
AMEH,"Apollo Medical Holdings, Inc.",19.23,$655.45M,n/a,Consumer Services,Professional Services,https://www.nasdaq.com/symbol/ameh
AFT,Apollo Senior Floating Rate Fund Inc.,15.17,$236.24M,2011,n/a,n/a,https://www.nasdaq.com/symbol/aft
AIF,Apollo Tactical Income Fund Inc.,14.84,$214.65M,2013,n/a,n/a,https://www.nasdaq.com/symbol/aif
APPF,"AppFolio, Inc.",70.8,$2.4B,2015,Technology,Computer Software: Prepackaged Software,https://www.nasdaq.com/symbol/appf
APPN,Appian Corporation,35.73,$2.3B,2017,Technology,Computer Software: Prepackaged Software,https://www.nasdaq.com/symbol/appn
APLE,"Apple Hospitality REIT, Inc.",16.42,$3.67B,2015,Consumer Services,Real Estate Investment Trusts,https://www.nasdaq.com/symbol/aple
AAPL,Apple Inc.,178.9,$843.56B,1980,Technology,Computer Manufacturing,https://www.nasdaq.com/symbol/aapl
ARCI,"Appliance Recycling Centers of America, Inc.",0.466,$3.95M,n/a,Consumer Services,Home Furnishings,https://www.nasdaq.com/symbol/arci
APDN,Applied DNA Sciences Inc,0.612,$22.25M,n/a,Consumer Services,Other Consumer Services,https://www.nasdaq.com/symbol/apdn
APDNW,Applied DNA Sciences Inc,0.021,n/a,n/a,Consumer Services,Other Consumer Services,https://www.nasdaq.com/symbol/apdnw
AGTC,Applied Genetic Technologies Corporation,3.97,$72.12M,2014,Health Care,Biotechnology: Biological Products (No Diagnostic Substances),https://www.nasdaq.com/symbol/agtc
AIT,"Applied Industrial Technologies, Inc.",57.92,$2.24B,n/a,Consumer Durables,Industrial Specialties,https://www.nasdaq.com/symbol/ait
AMAT,"Applied Materials, Inc.",38.51,$36.56B,1972,Technology,Semiconductors,https://www.nasdaq.com/symbol/amat
AAOI,"Applied Optoelectronics, Inc.",13.3,$264.44M,2013,Technology,Semiconductors,https://www.nasdaq.com/symbol/aaoi
AREX,Approach Resources Inc.,0.9531,$90.07M,2007,Energy,Oil & Gas Production,https://www.nasdaq.com/symbol/arex
ATR,"AptarGroup, Inc.",102.02,$6.42B,n/a,Consumer Non-Durables,Plastic Products,https://www.nasdaq.com/symbol/atr
APVO,Aptevo Therapeutics Inc.,0.845,$19.44M,n/a,Health Care,Major Pharmaceuticals,https://www.nasdaq.com/symbol/apvo
APTX,Aptinyx Inc.,4.43,$148.39M,2018,Health Care,Major Pharmaceuticals,https://www.nasdaq.com/symbol/aptx
APTV,Aptiv PLC,82.58,$21.47B,2011,Capital Goods,Auto Parts:O.E.M.,https://www.nasdaq.com/symbol/aptv
APM,Aptorum Group Limited,13.92,$419.22M,2018,Health Care,Major Pharmaceuticals,https://www.nasdaq.com/symbol/apm
APTO,"Aptose Biosciences, Inc.",1.65,$64.71M,n/a,Health Care,Biotechnology: Biological Products (No Diagnostic Substances),https://www.nasdaq.com/symbol/apto
APYX,Apyx Medical Corporation,7.2,$239.07M,n/a,Health Care,Medical/Dental Instruments,https://www.nasdaq.com/symbol/apyx
WTR,"Aqua America, Inc.",35.81,$6.38B,n/a,Public Utilities,Water Supply,https://www.nasdaq.com/symbol/wtr
AQMS,"Aqua Metals, Inc.",3.72,$165.02M,2015,Basic Industries,Metal Fabrications,https://www.nasdaq.com/symbol/aqms
AQB,"AquaBounty Technologies, Inc.",3.61,$54.51M,n/a,n/a,n/a,https://www.nasdaq.com/symbol/aqb
AQ,Aquantia Corp.,8.11,$285.26M,2017,Technology,Semiconductors,https://www.nasdaq.com/symbol/aq
WAAS,AquaVenture Holdings Limited,19.92,$533.46M,2016,Public Utilities,Water Supply,https://www.nasdaq.com/symbol/waas
AQST,"Aquestive Therapeutics, Inc.",7.77,$193.8M,2018,Health Care,Major Pharmaceuticals,https://www.nasdaq.com/symbol/aqst
AQXP,"Aquinox Pharmaceuticals, Inc.",2.66,$62.61M,2014,Health Care,Major Pharmaceuticals,https://www.nasdaq.com/symbol/aqxp
ARMK,Aramark,30.15,$7.43B,2013,Consumer Services,Restaurants,https://www.nasdaq.com/symbol/armk
PETX,"Aratana Therapeutics, Inc.",3.68,$178.94M,2013,Health Care,Major Pharmaceuticals,https://www.nasdaq.com/symbol/petx
ARAV,"Aravive, Inc.",6.55,$73.24M,2014,Health Care,Major Pharmaceuticals,https://www.nasdaq.com/symbol/arav
ABR,Arbor Realty Trust,12.78,$1.09B,2004,Consumer Services,Real Estate Investment Trusts,https://www.nasdaq.com/symbol/abr
ABR^A,Arbor Realty Trust,25.7,n/a,n/a,n/a,n/a,https://www.nasdaq.com/symbol/abr^a
ABR^B,Arbor Realty Trust,25.7,n/a,n/a,n/a,n/a,https://www.nasdaq.com/symbol/abr^b
ABR^C,Arbor Realty Trust,25.8691,n/a,n/a,n/a,n/a,https://www.nasdaq.com/symbol/abr^c
ABUS,Arbutus Biopharma Corporation,4.01,$229.71M,n/a,Health Care,Major Pharmaceuticals,https://www.nasdaq.com/symbol/abus
ARC,"ARC Document Solutions, Inc.",2.28,$105.49M,2004,Consumer Services,Professional Services,https://www.nasdaq.com/symbol/arc
ARCW,"ARC Group Worldwide, Inc.",0.95,$22.18M,n/a,Capital Goods,Metal Fabrications,https://www.nasdaq.com/symbol/arcw
ABIO,"ARCA biopharma, Inc.",0.4265,$7.83M,n/a,Health Care,Biotechnology: In Vitro & In Vivo Diagnostic Substances,https://www.nasdaq.com/symbol/abio
RKDA,"Arcadia Biosciences, Inc.",7.43,$35.48M,2015,Basic Industries,Agricultural Chemicals,https://www.nasdaq.com/symbol/rkda
ARCB,ArcBest Corporation,34.54,$883.2M,n/a,Transportation,Trucking Freight/Courier Services,https://www.nasdaq.com/symbol/arcb
MT,ArcelorMittal,21.4,$21.6B,n/a,Basic Industries,Steel/Iron Ore,https://www.nasdaq.com/symbol/mt
ACGL,Arch Capital Group Ltd.,32.38,$13.03B,n/a,Finance,Property-Casualty Insurers,https://www.nasdaq.com/symbol/acgl
ACGLO,Arch Capital Group Ltd.,23.64,n/a,n/a,Finance,Property-Casualty Insurers,https://www.nasdaq.com/symbol/acglo
ACGLP,Arch Capital Group Ltd.,22.99,n/a,n/a,Finance,Property-Casualty Insurers,https://www.nasdaq.com/symbol/acglp
ARCH,"Arch Coal, Inc.",90.76,$1.61B,2016,Energy,Coal Mining,https://www.nasdaq.com/symbol/arch
ADM,Archer-Daniels-Midland Company,42.84,$23.99B,n/a,Consumer Non-Durables,Packaged Foods,https://www.nasdaq.com/symbol/adm
AROC,"Archrock, Inc.",9.4,$1.23B,n/a,Public Utilities,Natural Gas Distribution,https://www.nasdaq.com/symbol/aroc
FUV,"Arcimoto, Inc.",4.44,$66.74M,2017,Consumer Non-Durables,Motor Vehicles,https://www.nasdaq.com/symbol/fuv
ARCE,Arco Platform Limited,26.83,$1.35B,2018,Consumer Services,Other Consumer Services,https://www.nasdaq.com/symbol/arce
ARNC^,Arconic Inc.,88,n/a,n/a,n/a,n/a,https://www.nasdaq.com/symbol/arnc^
ARNC,Arconic Inc.,18.81,$9.12B,n/a,Capital Goods,Metal Fabrications,https://www.nasdaq.com/symbol/arnc
ARCO,Arcos Dorados Holdings Inc.,8.08,$1.68B,2011,Consumer Services,Restaurants,https://www.nasdaq.com/symbol/arco
ACA,"Arcosa, Inc.",34.1,$1.66B,2018,Capital Goods,Industrial Machinery/Components,https://www.nasdaq.com/symbol/aca
ARCT,Arcturus Therapeutics Ltd.,4.42,$47.37M,2013,n/a,n/a,https://www.nasdaq.com/symbol/arct
RCUS,"Arcus Biosciences, Inc.",12.13,$540.2M,2018,Health Care,Major Pharmaceuticals,https://www.nasdaq.com/symbol/rcus
ARD,Ardagh Group S.A.,13.3,$3.14B,2017,Consumer Durables,Containers/Packaging,https://www.nasdaq.com/symbol/ard
ARDX,"Ardelyx, Inc.",3.29,$205.95M,2014,Health Care,Major Pharmaceuticals,https://www.nasdaq.com/symbol/ardx
ASC,Ardmore Shipping Corporation,5.55,$183.69M,2013,Transportation,Marine Transportation,https://www.nasdaq.com/symbol/asc
ARNA,"Arena Pharmaceuticals, Inc.",45.99,$2.27B,2000,Health Care,Major Pharmaceuticals,https://www.nasdaq.com/symbol/arna
AFC,Ares Capital Corporation,25.7,$205.6M,n/a,n/a,n/a,https://www.nasdaq.com/symbol/afc
ARCC,Ares Capital Corporation,17.48,$7.45B,2004,n/a,n/a,https://www.nasdaq.com/symbol/arcc
ACRE,Ares Commercial Real Estate Corporation,15.3,$439.96M,2012,Consumer Services,Real Estate Investment Trusts,https://www.nasdaq.com/symbol/acre
ARDC,"Ares Dynamic Credit Allocation Fund, Inc.",14.91,$342.37M,2012,n/a,n/a,https://www.nasdaq.com/symbol/ardc
ARES,Ares Management Corporation,23.65,$2.44B,2014,Finance,Investment Managers,https://www.nasdaq.com/symbol/ares
ARES^A,Ares Management Corporation,26.57,n/a,n/a,n/a,n/a,https://www.nasdaq.com/symbol/ares^a
AGX,"Argan, Inc.",47.95,$746.62M,n/a,Basic Industries,Engineering & Construction,https://www.nasdaq.com/symbol/agx
ARGX,argenx SE,124.7,$4.48B,2017,Health Care,Biotechnology: Biological Products (No Diagnostic Substances),https://www.nasdaq.com/symbol/argx
ARGD,"Argo Group International Holdings, Ltd.",25.28,n/a,n/a,Finance,Specialty Insurers,https://www.nasdaq.com/symbol/argd
ARGO,"Argo Group International Holdings, Ltd.",68.92,$2.34B,n/a,Finance,Specialty Insurers,https://www.nasdaq.com/symbol/argo
ARDS,Aridis Pharmaceuticals Inc.,10.3,$83.48M,2018,Health Care,Major Pharmaceuticals,https://www.nasdaq.com/symbol/ards
ANET,"Arista Networks, Inc.",281.8,$21.34B,2014,Technology,Computer Communications Equipment,https://www.nasdaq.com/symbol/anet
ARKR,Ark Restaurants Corp.,19.61,$68.18M,n/a,Consumer Services,Restaurants,https://www.nasdaq.com/symbol/arkr
AI,Arlington Asset Investment Corp,8.1,$296.24M,n/a,Consumer Services,Real Estate Investment Trusts,https://www.nasdaq.com/symbol/ai
AI^B,Arlington Asset Investment Corp,21.65,n/a,n/a,n/a,n/a,https://www.nasdaq.com/symbol/ai^b
AIC,Arlington Asset Investment Corp,23.6,n/a,2015,Consumer Services,Real Estate Investment Trusts,https://www.nasdaq.com/symbol/aic
AIW,Arlington Asset Investment Corp,24.05,n/a,n/a,Consumer Services,Real Estate Investment Trusts,https://www.nasdaq.com/symbol/aiw
ARLO,"Arlo Technologies, Inc.",4.48,$332.66M,2018,Consumer Non-Durables,Consumer Electronics/Appliances,https://www.nasdaq.com/symbol/arlo
AHH,"Armada Hoffler Properties, Inc.",15.43,$776.67M,2013,Finance,Real Estate,https://www.nasdaq.com/symbol/ahh
ARR,"ARMOUR Residential REIT, Inc.",19.79,$1.18B,n/a,Consumer Services,Real Estate Investment Trusts,https://www.nasdaq.com/symbol/arr
ARR^A,"ARMOUR Residential REIT, Inc.",25.58,n/a,n/a,n/a,n/a,https://www.nasdaq.com/symbol/arr^a
ARR^B,"ARMOUR Residential REIT, Inc.",24.99,n/a,n/a,n/a,n/a,https://www.nasdaq.com/symbol/arr^b
AFI,"Armstrong Flooring, Inc.",13.81,$356.79M,2016,Consumer Non-Durables,Plastic Products,https://www.nasdaq.com/symbol/afi
AWI,Armstrong World Industries Inc,73.99,$3.59B,n/a,Consumer Non-Durables,Plastic Products,https://www.nasdaq.com/symbol/awi
ARTX,Arotech Corporation,3.04,$80.52M,1994,Miscellaneous,Industrial Machinery/Components,https://www.nasdaq.com/symbol/artx
ARQL,"ArQule, Inc.",5.01,$546.11M,1996,Health Care,Major Pharmaceuticals,https://www.nasdaq.com/symbol/arql
ARRY,Array BioPharma Inc.,22.74,$4.96B,2000,Health Care,Major Pharmaceuticals,https://www.nasdaq.com/symbol/arry
ARRS,ARRIS International plc,31.67,$5.51B,n/a,Technology,Radio And Television Broadcasting And Communications Equipment,https://www.nasdaq.com/symbol/arrs
DWCR,Arrow DWA Country Rotation ETF,26.16,$15.7M,n/a,n/a,n/a,https://www.nasdaq.com/symbol/dwcr
DWAT,Arrow DWA Tactical ETF,10.7118,$5.36M,n/a,n/a,n/a,https://www.nasdaq.com/symbol/dwat
ARW,"Arrow Electronics, Inc.",78.06,$6.63B,n/a,Consumer Non-Durables,Electronic Components,https://www.nasdaq.com/symbol/arw
AROW,Arrow Financial Corporation,34.29,$496.26M,n/a,Finance,Major Banks,https://www.nasdaq.com/symbol/arow
ARWR,"Arrowhead Pharmaceuticals, Inc.",19.06,$1.8B,n/a,Health Care,Major Pharmaceuticals,https://www.nasdaq.com/symbol/arwr
ASNS,"Arsanis, Inc.",3.33,$48.53M,2017,Health Care,Biotechnology: Biological Products (No Diagnostic Substances),https://www.nasdaq.com/symbol/asns
ARTNA,Artesian Resources Corporation,39.44,$364.67M,n/a,Public Utilities,Water Supply,https://www.nasdaq.com/symbol/artna
AJG,Arthur J. Gallagher & Co.,79.04,$14.55B,n/a,Finance,Specialty Insurers,https://www.nasdaq.com/symbol/ajg
APAM,Artisan Partners Asset Management Inc.,25.62,$1.97B,2013,Finance,Investment Managers,https://www.nasdaq.com/symbol/apam
ARTW,"Art&#39;s-Way Manufacturing Co., Inc.",1.9571,$8.26M,n/a,Capital Goods,Industrial Machinery/Components,https://www.nasdaq.com/symbol/artw
ARVN,"Arvinas, Inc.",16.98,$549.32M,2018,Health Care,Major Pharmaceuticals,https://www.nasdaq.com/symbol/arvn
ARYA,ARYA Sciences Acquisition Corp.,9.75,$175.2M,2018,Finance,Business Services,https://www.nasdaq.com/symbol/arya
ARYAU,ARYA Sciences Acquisition Corp.,10.35,n/a,2018,Finance,Business Services,https://www.nasdaq.com/symbol/aryau
ARYAW,ARYA Sciences Acquisition Corp.,1.3,n/a,2018,Finance,Business Services,https://www.nasdaq.com/symbol/aryaw
ASA,ASA Gold and Precious Metals Limited,10.1621,$196.03M,n/a,n/a,n/a,https://www.nasdaq.com/symbol/asa
AKG,Asanko Gold Inc.,0.6534,$147.54M,n/a,Basic Industries,Mining & Quarrying of Nonmetallic Minerals (No Fuels),https://www.nasdaq.com/symbol/akg
ABG,Asbury Automotive Group Inc,67.63,$1.32B,2002,Consumer Durables,Automotive Aftermarket,https://www.nasdaq.com/symbol/abg
ASNA,"Ascena Retail Group, Inc.",1.93,$381.05M,n/a,Consumer Services,Clothing/Shoe/Accessory Stores,https://www.nasdaq.com/symbol/asna
ASND,Ascendis Pharma A/S,125.29,$5.27B,2015,Health Care,Major Pharmaceuticals,https://www.nasdaq.com/symbol/asnd
ASCMA,"Ascent Capital Group, Inc.",0.64,$7.97M,n/a,Consumer Services,Other Consumer Services,https://www.nasdaq.com/symbol/ascma
ASX,"ASE Technology Holding Co., Ltd.",3.99,$8.33B,2018,Technology,Semiconductors,https://www.nasdaq.com/symbol/asx
ASGN,ASGN Incorporated,61.55,$3.24B,1992,Technology,Professional Services,https://www.nasdaq.com/symbol/asgn
AHT,Ashford Hospitality Trust Inc,4.67,$471.7M,2003,Consumer Services,Real Estate Investment Trusts,https://www.nasdaq.com/symbol/aht
AHT^D,Ashford Hospitality Trust Inc,25.62,n/a,n/a,n/a,n/a,https://www.nasdaq.com/symbol/aht^d
AHT^F,Ashford Hospitality Trust Inc,23.06,n/a,n/a,n/a,n/a,https://www.nasdaq.com/symbol/aht^f
AHT^G,Ashford Hospitality Trust Inc,22.7,n/a,n/a,n/a,n/a,https://www.nasdaq.com/symbol/aht^g
AHT^H,Ashford Hospitality Trust Inc,23.17,n/a,n/a,n/a,n/a,https://www.nasdaq.com/symbol/aht^h
AHT^I,Ashford Hospitality Trust Inc,23.2,n/a,n/a,n/a,n/a,https://www.nasdaq.com/symbol/aht^i
AINC,Ashford Inc.,57.57,$137.68M,2014,Consumer Services,Professional Services,https://www.nasdaq.com/symbol/ainc
ASH,Ashland Global Holdings Inc.,79.01,$4.95B,n/a,Consumer Durables,Specialty Chemicals,https://www.nasdaq.com/symbol/ash
APWC,Asia Pacific Wire & Cable Corporation Limited,2.39,$33.03M,n/a,Basic Industries,Telecommunications Equipment,https://www.nasdaq.com/symbol/apwc
ASLN,ASLAN Pharmaceuticals Limited,3.74,$119.87M,2018,Health Care,Major Pharmaceuticals,https://www.nasdaq.com/symbol/asln
ASML,ASML Holding N.V.,181.09,$77.08B,1995,Technology,Industrial Machinery/Components,https://www.nasdaq.com/symbol/asml
ASPN,"Aspen Aerogels, Inc.",3.14,$75.27M,2014,Consumer Services,RETAIL: Building Materials,https://www.nasdaq.com/symbol/aspn
ASPU,Aspen Group Inc.,5.63,$103.45M,n/a,Consumer Services,Other Consumer Services,https://www.nasdaq.com/symbol/aspu
AHL^C,Aspen Insurance Holdings Limited,25.15,n/a,n/a,n/a,n/a,https://www.nasdaq.com/symbol/ahl^c
AHL^D,Aspen Insurance Holdings Limited,23.99,n/a,n/a,n/a,n/a,https://www.nasdaq.com/symbol/ahl^d
AZPN,"Aspen Technology, Inc.",99.88,$6.96B,1994,Technology,EDP Services,https://www.nasdaq.com/symbol/azpn
ASMB,"Assembly Biosciences, Inc.",18.77,$479.4M,n/a,Health Care,Major Pharmaceuticals,https://www.nasdaq.com/symbol/asmb
ASRT,"Assertio Therapeutics, Inc.",3.78,$241.69M,n/a,Health Care,Major Pharmaceuticals,https://www.nasdaq.com/symbol/asrt
ASB,Associated Banc-Corp,22.83,$3.75B,n/a,Finance,Major Banks,https://www.nasdaq.com/symbol/asb
ASB^C,Associated Banc-Corp,25.9,n/a,n/a,n/a,n/a,https://www.nasdaq.com/symbol/asb^c
ASB^D,Associated Banc-Corp,24.23,n/a,n/a,n/a,n/a,https://www.nasdaq.com/symbol/asb^d
ASB^E,Associated Banc-Corp,25.231,n/a,n/a,n/a,n/a,https://www.nasdaq.com/symbol/asb^e
AC,"Associated Capital Group, Inc.",43.17,$975.54M,2015,Finance,Investment Bankers/Brokers/Service,https://www.nasdaq.com/symbol/ac
AIZ,"Assurant, Inc.",100.82,$6.22B,2004,Finance,Accident &Health Insurance,https://www.nasdaq.com/symbol/aiz
AIZP,"Assurant, Inc.",107.55,n/a,n/a,Finance,Accident &Health Insurance,https://www.nasdaq.com/symbol/aizp
AGO,Assured Guaranty Ltd.,44.35,$4.57B,2004,Finance,Property-Casualty Insurers,https://www.nasdaq.com/symbol/ago
AGO^B,Assured Guaranty Ltd.,26.26,n/a,n/a,n/a,n/a,https://www.nasdaq.com/symbol/ago^b
AGO^E,Assured Guaranty Ltd.,25.55,n/a,n/a,n/a,n/a,https://www.nasdaq.com/symbol/ago^e
AGO^F,Assured Guaranty Ltd.,25.25,n/a,n/a,n/a,n/a,https://www.nasdaq.com/symbol/ago^f
ASFI,"Asta Funding, Inc.",5.11,$34.16M,1995,Finance,Finance Companies,https://www.nasdaq.com/symbol/asfi
ASTE,"Astec Industries, Inc.",39.4,$898.22M,1986,Capital Goods,Construction/Ag Equipment/Trucks,https://www.nasdaq.com/symbol/aste
AZN,Astrazeneca PLC,42.19,$106.93B,n/a,Health Care,Major Pharmaceuticals,https://www.nasdaq.com/symbol/azn
ATRO,Astronics Corporation,31.64,$1.03B,n/a,Capital Goods,Military/Government/Technical,https://www.nasdaq.com/symbol/atro
ALOT,"AstroNova, Inc.",18.12,$125.98M,1983,Technology,Computer peripheral equipment,https://www.nasdaq.com/symbol/alot
ASTC,Astrotech Corporation,3.49,$19.77M,n/a,Capital Goods,Biotechnology: Laboratory Analytical Instruments,https://www.nasdaq.com/symbol/astc
ASUR,Asure Software Inc,6.13,$94.08M,n/a,Technology,EDP Services,https://www.nasdaq.com/symbol/asur
ASV,"ASV Holdings, Inc.",3.2384,$31.85M,2017,Capital Goods,Construction/Ag Equipment/Trucks,https://www.nasdaq.com/symbol/asv
HOME,At Home Group Inc.,23.09,$1.47B,2016,Consumer Services,Home Furnishings,https://www.nasdaq.com/symbol/home
T,AT&T Inc.,30.22,$220.14B,n/a,Public Utilities,Telecommunications Equipment,https://www.nasdaq.com/symbol/t
TBB,AT&T Inc.,24.87,n/a,2017,Public Utilities,Telecommunications Equipment,https://www.nasdaq.com/symbol/tbb
TBC,AT&T Inc.,25.04,n/a,2018,Public Utilities,Telecommunications Equipment,https://www.nasdaq.com/symbol/tbc
ATAI,ATA Inc.,1.08,$26.15M,2008,Consumer Services,Other Consumer Services,https://www.nasdaq.com/symbol/atai
ATRA,"Atara Biotherapeutics, Inc.",37.06,$1.71B,2014,Health Care,Biotechnology: Biological Products (No Diagnostic Substances),https://www.nasdaq.com/symbol/atra
ATTO,Atento S.A.,3.68,$271.99M,2014,Public Utilities,Telecommunications Equipment,https://www.nasdaq.com/symbol/atto
ATH,Athene Holding Ltd.,41.8,$8.2B,2016,Finance,Life Insurance,https://www.nasdaq.com/symbol/ath
ATNX,"Athenex, Inc.",11.91,$796.71M,2017,Health Care,Major Pharmaceuticals,https://www.nasdaq.com/symbol/atnx
ATHX,"Athersys, Inc.",1.52,$215.45M,n/a,Health Care,Major Pharmaceuticals,https://www.nasdaq.com/symbol/athx
ATKR,Atkore International Group Inc.,21.64,$995.02M,2016,Miscellaneous,Industrial Machinery/Components,https://www.nasdaq.com/symbol/atkr
AAME,Atlantic American Corporation,2.5201,$50.9M,n/a,Finance,Life Insurance,https://www.nasdaq.com/symbol/aame
ACBI,"Atlantic Capital Bancshares, Inc.",19.09,$482.79M,n/a,Finance,Major Banks,https://www.nasdaq.com/symbol/acbi
AT,Atlantic Power Corporation,2.7,$292.89M,n/a,Energy,Electric Utilities: Central,https://www.nasdaq.com/symbol/at
AY,Atlantica Yield plc,19.6,$1.96B,2014,Public Utilities,Electric Utilities: Central,https://www.nasdaq.com/symbol/ay
ATLC,Atlanticus Holdings Corporation,3.6575,$56.24M,1995,Finance,Finance: Consumer Services,https://www.nasdaq.com/symbol/atlc
AAWW,Atlas Air Worldwide Holdings,49.19,$1.27B,n/a,Transportation,Transportation Services,https://www.nasdaq.com/symbol/aaww
AFH,"Atlas Financial Holdings, Inc.",2.7,$32.23M,2013,Finance,Property-Casualty Insurers,https://www.nasdaq.com/symbol/afh
AFHBL,"Atlas Financial Holdings, Inc.",17.3478,n/a,n/a,Finance,Property-Casualty Insurers,https://www.nasdaq.com/symbol/afhbl
TEAM,Atlassian Corporation Plc,109.51,$26.23B,2015,Technology,Computer Software: Prepackaged Software,https://www.nasdaq.com/symbol/team
ATO,Atmos Energy Corporation,100.56,$11.75B,n/a,Public Utilities,Oil/Gas Transmission,https://www.nasdaq.com/symbol/ato
ATNI,"ATN International, Inc.",56.65,$906.59M,n/a,Public Utilities,Telecommunications Equipment,https://www.nasdaq.com/symbol/atni
ATOM,Atomera Incorporated,3.39,$50.96M,2016,Technology,Semiconductors,https://www.nasdaq.com/symbol/atom
ATOS,Atossa Genetics Inc.,1.51,$8.53M,2012,Health Care,Major Pharmaceuticals,https://www.nasdaq.com/symbol/atos
ATRC,"AtriCure, Inc.",29.36,$1.13B,2005,Health Care,Medical/Dental Instruments,https://www.nasdaq.com/symbol/atrc
ATRI,Atrion Corporation,803.4,$1.49B,n/a,Health Care,Medical/Dental Instruments,https://www.nasdaq.com/symbol/atri
ATIS,Attis Industries Inc.,0.3166,$8.71M,n/a,Basic Industries,Miscellaneous,https://www.nasdaq.com/symbol/atis
ATISW,Attis Industries Inc.,0.075,n/a,n/a,Basic Industries,Miscellaneous,https://www.nasdaq.com/symbol/atisw
ATTU,Attunity Ltd.,23.33,$509.88M,n/a,Technology,Computer Software: Prepackaged Software,https://www.nasdaq.com/symbol/attu
LIFE,"aTyr Pharma, Inc.",0.46,$13.81M,2015,Health Care,Biotechnology: Biological Products (No Diagnostic Substances),https://www.nasdaq.com/symbol/life
AUO,AU Optronics Corp,3.69,$3.55B,2002,Technology,Semiconductors,https://www.nasdaq.com/symbol/auo
AUBN,"Auburn National Bancorporation, Inc.",33.87,$123.42M,n/a,Finance,Major Banks,https://www.nasdaq.com/symbol/aubn
BOLD,"Audentes Therapeutics, Inc.",34.46,$1.5B,2016,Health Care,Biotechnology: Biological Products (No Diagnostic Substances),https://www.nasdaq.com/symbol/bold
AUDC,AudioCodes Ltd.,13.03,$382.32M,1999,Public Utilities,Telecommunications Equipment,https://www.nasdaq.com/symbol/audc
AEYE,"AudioEye, Inc.",10.28,$77.6M,n/a,Technology,Computer Software: Prepackaged Software,https://www.nasdaq.com/symbol/aeye
AUPH,Aurinia Pharmaceuticals Inc,6.33,$578.51M,n/a,Health Care,Major Pharmaceuticals,https://www.nasdaq.com/symbol/auph
EARS,Auris Medical Holding AG,0.3892,$14.59M,2014,Health Care,Major Pharmaceuticals,https://www.nasdaq.com/symbol/ears
ACB,Aurora Cannabis Inc.,7.95,$8.05B,n/a,Consumer Durables,Specialty Chemicals,https://www.nasdaq.com/symbol/acb
JG,Aurora Mobile Limited,7.2,$848.17M,2018,Technology,"Computer Software: Programming, Data Processing",https://www.nasdaq.com/symbol/jg
AUG,Auryn Resources Inc.,1.2,$108.58M,n/a,Basic Industries,Precious Metals,https://www.nasdaq.com/symbol/aug
ADSK,"Autodesk, Inc.",154.04,$33.74B,n/a,Technology,Computer Software: Prepackaged Software,https://www.nasdaq.com/symbol/adsk
ATHM,Autohome Inc.,88.14,$10.32B,2013,Technology,EDP Services,https://www.nasdaq.com/symbol/athm
ALV,"Autoliv, Inc.",78.2,$6.82B,n/a,Capital Goods,Auto Parts:O.E.M.,https://www.nasdaq.com/symbol/alv
AUTL,Autolus Therapeutics plc,25.91,$1.04B,2018,Health Care,Biotechnology: Biological Products (No Diagnostic Substances),https://www.nasdaq.com/symbol/autl
ADP,"Automatic Data Processing, Inc.",151.09,$65.82B,n/a,Technology,EDP Services,https://www.nasdaq.com/symbol/adp
AN,"AutoNation, Inc.",34.43,$3.1B,n/a,Consumer Durables,Automotive Aftermarket,https://www.nasdaq.com/symbol/an
AUTO,"AutoWeb, Inc.",4.13,$53.48M,n/a,Technology,"Computer Software: Programming, Data Processing",https://www.nasdaq.com/symbol/auto
AZO,"AutoZone, Inc.",940.03,$23.46B,n/a,Consumer Services,Other Specialty Stores,https://www.nasdaq.com/symbol/azo
AVDL,Avadel Pharmaceuticals plc,1.97,$72.91M,n/a,Health Care,Major Pharmaceuticals,https://www.nasdaq.com/symbol/avdl
AVLR,"Avalara, Inc.",53.33,$3.7B,2018,Technology,Computer Software: Prepackaged Software,https://www.nasdaq.com/symbol/avlr
AVCO,Avalon GloboCare Corp.,3.75,$273.9M,n/a,Consumer Services,Professional Services,https://www.nasdaq.com/symbol/avco
AWX,Avalon Holdings Corporation,2.83,$10.76M,n/a,Public Utilities,Environmental Services,https://www.nasdaq.com/symbol/awx
AVB,"AvalonBay Communities, Inc.",197.44,$27.35B,n/a,Consumer Services,Real Estate Investment Trusts,https://www.nasdaq.com/symbol/avb
AGR,"Avangrid, Inc.",48.84,$15.09B,2015,Public Utilities,Electric Utilities: Central,https://www.nasdaq.com/symbol/agr
AVNS,"Avanos Medical, Inc.",43.12,$2.05B,2014,Health Care,Industrial Specialties,https://www.nasdaq.com/symbol/avns
AVYA,Avaya Holdings Corp.,14.8,$1.64B,n/a,Public Utilities,Telecommunications Equipment,https://www.nasdaq.com/symbol/avya
AVDR,"Avedro, Inc",12.06,$205.75M,2019,Health Care,Major Pharmaceuticals,https://www.nasdaq.com/symbol/avdr
ATXI,"Avenue Therapeutics, Inc.",5.33,$56.86M,2017,Health Care,Major Pharmaceuticals,https://www.nasdaq.com/symbol/atxi
AVEO,"AVEO Pharmaceuticals, Inc.",0.5592,$70.09M,2010,Health Care,Major Pharmaceuticals,https://www.nasdaq.com/symbol/aveo
AVY,Avery Dennison Corporation,109.15,$9.17B,n/a,Consumer Durables,Containers/Packaging,https://www.nasdaq.com/symbol/avy
AVH,Avianca Holdings S.A.,4.59,$574.5M,2013,Transportation,Air Freight/Delivery Services,https://www.nasdaq.com/symbol/avh
AVNW,"Aviat Networks, Inc.",13.54,$72.85M,n/a,Technology,Radio And Television Broadcasting And Communications Equipment,https://www.nasdaq.com/symbol/avnw
CDMO,"Avid Bioservices, Inc.",4.12,$231M,n/a,Health Care,Major Pharmaceuticals,https://www.nasdaq.com/symbol/cdmo
CDMOP,"Avid Bioservices, Inc.",26,$18.2M,n/a,Health Care,Major Pharmaceuticals,https://www.nasdaq.com/symbol/cdmop
AVID,"Avid Technology, Inc.",4.62,$193.36M,1993,Technology,Computer Software: Prepackaged Software,https://www.nasdaq.com/symbol/avid
AVGR,"Avinger, Inc.",0.6396,$27.05M,2015,Health Care,Medical/Dental Instruments,https://www.nasdaq.com/symbol/avgr
ASM,Avino Silver,0.6499,$41.46M,n/a,Basic Industries,Precious Metals,https://www.nasdaq.com/symbol/asm
CAR,"Avis Budget Group, Inc.",34.3,$2.6B,n/a,Consumer Services,Rental/Leasing Companies,https://www.nasdaq.com/symbol/car
AVA,Avista Corporation,41.01,$2.7B,n/a,Public Utilities,Power Generation,https://www.nasdaq.com/symbol/ava
AVT,"Avnet, Inc.",42.8,$4.64B,n/a,Consumer Non-Durables,Electronic Components,https://www.nasdaq.com/symbol/avt
AVP,"Avon Products, Inc.",2.72,$1.2B,n/a,Consumer Non-Durables,Package Goods/Cosmetics,https://www.nasdaq.com/symbol/avp
AVRO,"AVROBIO, Inc.",13.95,$334.18M,2018,Health Care,Biotechnology: Biological Products (No Diagnostic Substances),https://www.nasdaq.com/symbol/avro
AVX,AVX Corporation,17.96,$3.03B,n/a,Capital Goods,Electrical Products,https://www.nasdaq.com/symbol/avx
AWRE,"Aware, Inc.",3.88,$83.7M,1996,Technology,Computer Software: Prepackaged Software,https://www.nasdaq.com/symbol/awre
EQH,"AXA Equitable Holdings, Inc.",20.19,$10.55B,2018,Finance,Specialty Insurers,https://www.nasdaq.com/symbol/eqh
AXTA,Axalta Coating Systems Ltd.,26.39,$6.18B,2014,Basic Industries,Paints/Coatings,https://www.nasdaq.com/symbol/axta
ACLS,"Axcelis Technologies, Inc.",20.08,$653.78M,2000,Technology,Industrial Machinery/Components,https://www.nasdaq.com/symbol/acls
AXS,Axis Capital Holdings Limited,55.66,$4.65B,2003,Finance,Property-Casualty Insurers,https://www.nasdaq.com/symbol/axs
AXS^D,Axis Capital Holdings Limited,23.89,n/a,n/a,n/a,n/a,https://www.nasdaq.com/symbol/axs^d
AXS^E,Axis Capital Holdings Limited,24.11,n/a,n/a,n/a,n/a,https://www.nasdaq.com/symbol/axs^e
AXGN,"AxoGen, Inc.",19.45,$757.48M,n/a,Health Care,Biotechnology: Electromedical & Electrotherapeutic Apparatus,https://www.nasdaq.com/symbol/axgn
AAXN,"Axon Enterprise, Inc.",47.97,$2.82B,n/a,Capital Goods,Ordnance And Accessories,https://www.nasdaq.com/symbol/aaxn
AXNX,"Axonics Modulation Technologies, Inc.",21.42,$596.35M,2018,Health Care,Medical/Dental Instruments,https://www.nasdaq.com/symbol/axnx
AX,"Axos Financial, Inc.",30.34,$1.86B,n/a,Finance,Savings Institutions,https://www.nasdaq.com/symbol/ax
AXO,"Axos Financial, Inc.",25.4859,n/a,n/a,Finance,Savings Institutions,https://www.nasdaq.com/symbol/axo
AXGT,Axovant Sciences Ltd.,1.69,$262.89M,n/a,Health Care,Major Pharmaceuticals,https://www.nasdaq.com/symbol/axgt
AXSM,"Axsome Therapeutics, Inc.",9.83,$321.38M,2015,Health Care,Major Pharmaceuticals,https://www.nasdaq.com/symbol/axsm
AXTI,AXT Inc,4.27,$168.83M,1998,Technology,Semiconductors,https://www.nasdaq.com/symbol/axti
AYTU,"Aytu BioScience, Inc.",1.44,$17.94M,n/a,Health Care,Major Pharmaceuticals,https://www.nasdaq.com/symbol/aytu
AZUL,Azul S.A.,30.77,$3.47B,2017,Transportation,Air Freight/Delivery Services,https://www.nasdaq.com/symbol/azul
AZRE,Azure Power Global Limited,10.5,$429.87M,2016,Public Utilities,Electric Utilities: Central,https://www.nasdaq.com/symbol/azre
AZRX,"AzurRx BioPharma, Inc.",1.84,$32.52M,2016,Health Care,Major Pharmaceuticals,https://www.nasdaq.com/symbol/azrx
AZZ,AZZ Inc.,43.99,$1.15B,n/a,Consumer Durables,Building Products,https://www.nasdaq.com/symbol/azz
